Tijdstempel,Wat is de huidige datum,Hoelaat ben je gaan slapen?,Hoelaat ben je opgestaan?,Heb je een fysieke activiteit gedaan?,Hoelaat heb je voor het laatst op je telefoon gezeten?,Wanneer heb je voor het laatst gegeten?,Wat was het?,Kolom 8,Naam
6-5-2026 15:14:35,5-5-2026,22:00:00,6:00:00,"ja, lichte inspanning (korte wandeling, kort stuk gefietst, etc.)",19:00:00,18:00:00,Maaltijd - mager,,Lucas
6-5-2026 15:15:52,,,,,,,Maaltijd - mager,,Mohammed
6-5-2026 15:19:02,,,,,,,Snack,,Lucas
6-5-2026 15:22:23,1-2-2004,,,,,,Snack,,Robin
8-5-2026 8:27:23,5-7-2026,23:00:00,7:00:00,"ja, gemiddelde inspanning (krachttraining, lange wandeling, etc.)",22:00:00,21:00:00,Maatlijd - vol vet,,Mohammed
9-5-2026 22:21:35,9-5-2026,1:00:00,8:00:00,"ja, lichte inspanning (korte wandeling, kort stuk gefietst, etc.)",1:00:00,22:00:00,Snack,,Robin
9-5-2026 22:50:50,5-7-2026,2:00:00,10:00:00,"ja, gemiddelde inspanning (krachttraining, lange wandeling, etc.)",0:00:00,21:00:00,Maatlijd - vol vet,,Robin
9-5-2026 22:51:54,5-8-2026,2:00:00,10:00:00,"ja, gemiddelde inspanning (krachttraining, lange wandeling, etc.)",1:00:00,21:00:00,Maatlijd - vol vet,,Robin
10-5-2026 13:23:50,5-9-2026,3:00:00,11:00:00,"ja, gemiddelde inspanning (krachttraining, lange wandeling, etc.)",2:00:00,23:00:00,Maaltijd - mager,,Mohammed
11-5-2026 0:32:00,10-5-2026,0:30:00,8:00:00,"ja, gemiddelde inspanning (krachttraining, lange wandeling, etc.)",0:30:00,21:30:00,Snack,,Lucas
11-5-2026 0:34:01,11-5-2026,0:30:00,7:45:00,"ja, gemiddelde inspanning (krachttraining, lange wandeling, etc.)",23:00:00,20:00:00,Maaltijd - mager,,Mohammed
12-5-2026 13:05:35,5-10-2026,2:00:00,11:00:00,"ja, lichte inspanning (korte wandeling, kort stuk gefietst, etc.)",1:00:00,22:00:00,Snack,,Mohammed
12-5-2026 13:06:22,5-11-2026,4:00:00,10:00:00,nee,3:00:00,22:00:00,Maaltijd - mager,,Lucas
13-5-2026 13:55:57,13-5-2026,1:00:00,9:00:00,"ja, gemiddelde inspanning (krachttraining, lange wandeling, etc.)",1:00:00,23:30:00,Maatlijd - vol vet,,Mohammed
14-5-2026 15:52:46,12-5-2026,3:00:00,11:00:00,nee,2:00:00,23:00:00,Maaltijd - mager,,Lucas
14-5-2026 15:54:45,13-5-2026,4:00:00,0:00:00,nee,3:00:00,10:00:00,Snack,,Lucas
15-5-2026 11:25:24,14-5-2026,2:00:00,11:00:00,"ja, lichte inspanning (korte wandeling, kort stuk gefietst, etc.)",1:00:00,22:00:00,Maaltijd - mager,,Mohammed
15-5-2026 22:30:38,15-5-2026,23:30:00,9:00:00,nee,23:30:00,20:00:00,Snack,,Mohammed
17-5-2026 11:52:40,17-5-2026,23:30:00,9:00:00,"ja, lichte inspanning (korte wandeling, kort stuk gefietst, etc.)",23:30:00,20:00:00,Snack,,Mohammed
17-5-2026 14:34:08,15-5-2026,2:00:00,11:00:00,"ja, lichte inspanning (korte wandeling, kort stuk gefietst, etc.)",1:00:00,22:00:00,Maaltijd - mager,,Lucas
17-5-2026 14:34:53,16-5-2026,5:00:00,13:00:00,"ja, gemiddelde inspanning (krachttraining, lange wandeling, etc.)",4:00:00,2:00:00,Maaltijd - mager,,Mohammed
18-5-2026 14:34:05,17-5-2026,5:00:00,11:00:00,"ja, lichte inspanning (korte wandeling, kort stuk gefietst, etc.)",4:00:00,22:00:00,Maaltijd - mager,,Lucas
19-5-2026 1:55:07,18-5-2026,2:30:00,9:30:00,"ja, gemiddelde inspanning (krachttraining, lange wandeling, etc.)",2:30:00,1:00:00,Snack,,Mohammed
19-5-2026 13:24:34,19-5-2026,2:30:00,12:00:00,"ja, gemiddelde inspanning (krachttraining, lange wandeling, etc.)",2:30:00,20:00:00,Snack,,Lucas
20-5-2026 7:55:26,20-5-2026,23:30:00,7:20:00,nee,23:30:00,22:00:00,Maatlijd - vol vet,,Lucas
20-5-2026 10:02:22,18-5-2026,4:00:00,11:00:00,"ja, lichte inspanning (korte wandeling, kort stuk gefietst, etc.)",3:00:00,22:00:00,Snack,,Mohammed
20-5-2026 10:03:05,19-5-2026,4:00:00,8:00:00,"ja, gemiddelde inspanning (krachttraining, lange wandeling, etc.)",3:00:00,22:00:00,Maaltijd - mager,,Robin
21-5-2026 11:07:42,21-5-2026,23:00:00,7:20:00,nee,23:00:00,20:00:00,Maaltijd - mager,,Robin
21-5-2026 11:10:12,11-5-2026,0:00:00,8:30:00,"ja, gemiddelde inspanning (krachttraining, lange wandeling, etc.)",0:00:00,21:00:00,Maatlijd - vol vet,,Robin
21-5-2026 11:11:14,12-5-2026,0:30:00,7:45:00,"ja, gemiddelde inspanning (krachttraining, lange wandeling, etc.)",22:00:00,23:00:00,Snack,,Robin
21-5-2026 11:12:49,13-5-2026,2:00:00,7:45:00,"ja, lichte inspanning (korte wandeling, kort stuk gefietst, etc.)",2:00:00,23:00:00,Snack,,Robin
21-5-2026 11:14:13,14-5-2026,1:14:00,10:00:00,"ja, lichte inspanning (korte wandeling, kort stuk gefietst, etc.)",0:14:00,21:00:00,Maaltijd - mager,,Robin
21-5-2026 11:15:29,15-5-2026,1:30:00,11:00:00,"ja, gemiddelde inspanning (krachttraining, lange wandeling, etc.)",1:30:00,20:00:00,Maatlijd - vol vet,,Robin
21-5-2026 11:16:23,18-5-2026,0:30:00,10:00:00,"ja, gemiddelde inspanning (krachttraining, lange wandeling, etc.)",0:30:00,23:00:00,Snack,,Robin
21-5-2026 11:17:30,19-5-2026,0:30:00,9:30:00,"ja, gemiddelde inspanning (krachttraining, lange wandeling, etc.)",0:30:00,23:00:00,Snack,,Robin
21-5-2026 11:18:48,20-5-2026,1:15:00,7:45:00,"ja, lichte inspanning (korte wandeling, kort stuk gefietst, etc.)",21:30:00,23:00:00,Maaltijd - mager,,Robin
26-5-2026 8:56:18,22-5-2026,1:00:00,8:00:00,"ja, lichte inspanning (korte wandeling, kort stuk gefietst, etc.)",21:00:00,0:30:00,Maaltijd - mager,,Robin
26-5-2026 8:57:56,23-5-2026,2:00:00,10:00:00,nee,1:00:00,20:00:00,Maaltijd - mager,,Mohammed
26-5-2026 8:59:05,24-5-2026,1:00:00,10:00:00,"ja, gemiddelde inspanning (krachttraining, lange wandeling, etc.)",0:00:00,22:00:00,Maatlijd - vol vet,,Mohammed
26-5-2026 9:00:40,25-5-2026,2:00:00,7:30:00,"ja, lichte inspanning (korte wandeling, kort stuk gefietst, etc.)",1:00:00,22:00:00,Snack,,Mohammed
2-6-2026 21:21:12,2-6-2026,23:30:00,9:00:00,"ja, gemiddelde inspanning (krachttraining, lange wandeling, etc.)",20:00:00,23:30:00,Snack,,Lucas
3-6-2026 23:08:59,3-6-2026,23:30:00,6:40:00,"ja, gemiddelde inspanning (krachttraining, lange wandeling, etc.)",23:30:00,20:00:00,Snack,,Lucas
4-6-2026 21:30:30,4-6-2026,23:30:00,10:00:00,"ja, gemiddelde inspanning (krachttraining, lange wandeling, etc.)",23:30:00,20:00:00,Maatlijd - vol vet,,Lucas
6-6-2026 11:53:09,5-6-2026,23:00:00,7:20:00,"ja, gemiddelde inspanning (krachttraining, lange wandeling, etc.)",23:00:00,19:00:00,Maatlijd - vol vet,,Lucas
7-6-2026 18:26:50,7-6-2026,0:50:00,12:00:00,"ja, zware inspanning (hardlopen, racefietsen, mountainbiken, etc.)",22:00:00,22:30:00,Snack,,Lucas
8-6-2026 12:31:51,8-6-2026,23:30:00,10:00:00,"ja, lichte inspanning (korte wandeling, kort stuk gefietst, etc.)",20:00:00,20:00:00,Snack,,Lucas
8-6-2026 13:36:40,15-5-2026,1:30:00,11:00:00,"ja, gemiddelde inspanning (krachttraining, lange wandeling, etc.)",1:30:00,20:00:00,Maatlijd - vol vet,,Robin
8-6-2026 13:38:13,18-5-2026,0:30:00,10:00:00,"ja, gemiddelde inspanning (krachttraining, lange wandeling, etc.)",0:30:00,23:00:00,Snack,,Robin
8-6-2026 13:39:55,19-5-2026,0:30:00,9:30:00,"ja, gemiddelde inspanning (krachttraining, lange wandeling, etc.)",0:30:00,23:00:00,Snack,,Robin
8-6-2026 13:41:42,20-5-2026,1:15:00,7:45:00,"ja, lichte inspanning (korte wandeling, kort stuk gefietst, etc.)",21:30:00,23:00:00,Snack,,Robin
8-6-2026 13:42:55,21-5-2026,11:00:00,7:45:00,"ja, gemiddelde inspanning (krachttraining, lange wandeling, etc.)",11:00:00,21:00:00,Snack,,Robin
8-6-2026 13:44:10,22-5-2026,1:30:00,8:00:00,"ja, gemiddelde inspanning (krachttraining, lange wandeling, etc.)",1:30:00,0:00:00,Maaltijd - mager,,Robin
8-6-2026 13:45:37,23-5-2026,1:00:00,8:00:00,"ja, gemiddelde inspanning (krachttraining, lange wandeling, etc.)",1:00:00,21:30:00,Maaltijd - mager,,Robin
8-6-2026 13:47:11,24-5-2026,1:30:00,8:00:00,"ja, gemiddelde inspanning (krachttraining, lange wandeling, etc.)",1:30:00,23:00:00,Snack,,Robin
8-6-2026 13:48:25,25-5-2026,0:45:00,7:45:00,nee,0:45:00,21:00:00,Maatlijd - vol vet,,Robin 
8-6-2026 13:49:47,27-5-2026,1:00:00,9:00:00,"ja, lichte inspanning (korte wandeling, kort stuk gefietst, etc.)",1:00:00,21:30:00,Maatlijd - vol vet,,Robin
8-6-2026 13:50:53,29-5-2026,1:00:00,7:45:00,"ja, lichte inspanning (korte wandeling, kort stuk gefietst, etc.)",1:00:00,,,,Robin
8-6-2026 13:51:58,30-5-2026,2:00:00,10:00:00,"ja, lichte inspanning (korte wandeling, kort stuk gefietst, etc.)",2:00:00,1:00:00,Snack,,Robin
8-6-2026 13:53:32,31-5-2026,2:45:00,10:30:00,"ja, lichte inspanning (korte wandeling, kort stuk gefietst, etc.)",2:45:00,,,,Robin
8-6-2026 13:54:44,1-6-2026,2:30:00,10:00:00,"ja, lichte inspanning (korte wandeling, kort stuk gefietst, etc.)",2:30:00,0:00:00,Snack,,Robin
8-6-2026 13:55:56,2-6-2026,5:00:00,11:00:00,"ja, lichte inspanning (korte wandeling, kort stuk gefietst, etc.)",5:00:00,2:00:00,Maaltijd - mager,,Robin 
8-6-2026 13:57:05,3-6-2026,4:00:00,11:00:00,"ja, lichte inspanning (korte wandeling, kort stuk gefietst, etc.)",4:00:00,1:30:00,Maaltijd - mager,,Robin
8-6-2026 13:58:18,4-6-2026,2:00:00,7:00:00,"ja, lichte inspanning (korte wandeling, kort stuk gefietst, etc.)",1:00:00,0:00:00,Snack,,Robin
8-6-2026 13:59:26,5-6-2026,1:30:00,9:30:00,"ja, lichte inspanning (korte wandeling, kort stuk gefietst, etc.)",1:00:00,23:00:00,Snack,,Robin
8-6-2026 14:02:21,6-6-2026,1:30:00,10:00:00,"ja, gemiddelde inspanning (krachttraining, lange wandeling, etc.)",12:30:00,11:00:00,Snack,,Robin
8-6-2026 14:03:17,7-6-2026,1:00:00,11:00:00,"ja, gemiddelde inspanning (krachttraining, lange wandeling, etc.)",1:00:00,22:30:00,Maaltijd - mager,,Robin
