timestamp,heart rate zone,total minutes,data source
2026-05-06T14:32:00Z,FAT_BURN,1,Versa 4
2026-05-06T14:33:00Z,FAT_BURN,1,Versa 4
2026-05-06T14:34:00Z,FAT_BURN,1,Versa 4
2026-05-06T14:35:00Z,FAT_BURN,1,Versa 4
2026-05-06T14:36:00Z,FAT_BURN,1,Versa 4
2026-05-07T09:42:00Z,FAT_BURN,1,Versa 4
2026-05-07T09:43:00Z,FAT_BURN,1,Versa 4
2026-05-07T11:04:00Z,FAT_BURN,1,Versa 4
2026-05-07T14:05:00Z,FAT_BURN,1,Versa 4
2026-05-07T14:06:00Z,FAT_BURN,1,Versa 4
2026-05-07T14:07:00Z,FAT_BURN,1,Versa 4
2026-05-07T14:08:00Z,FAT_BURN,1,Versa 4
2026-05-07T14:09:00Z,FAT_BURN,1,Versa 4
2026-05-07T14:10:00Z,FAT_BURN,1,Versa 4
2026-05-07T14:11:00Z,CARDIO,2,Versa 4
2026-05-07T14:12:00Z,FAT_BURN,1,Versa 4
2026-05-07T14:13:00Z,CARDIO,2,Versa 4
2026-05-07T14:14:00Z,CARDIO,2,Versa 4
2026-05-07T14:15:00Z,FAT_BURN,1,Versa 4
2026-05-07T14:16:00Z,FAT_BURN,1,Versa 4
2026-05-07T14:17:00Z,FAT_BURN,1,Versa 4
2026-05-07T14:18:00Z,FAT_BURN,1,Versa 4
2026-05-07T14:19:00Z,FAT_BURN,1,Versa 4
2026-05-07T14:20:00Z,FAT_BURN,1,Versa 4
2026-05-07T14:34:00Z,FAT_BURN,1,Versa 4
2026-05-07T14:35:00Z,FAT_BURN,1,Versa 4
2026-05-07T15:58:00Z,FAT_BURN,1,Versa 4
2026-05-08T12:51:00Z,FAT_BURN,1,Versa 4
2026-05-08T12:52:00Z,FAT_BURN,1,Versa 4
2026-05-08T14:10:00Z,FAT_BURN,1,Versa 4
2026-05-08T14:22:00Z,FAT_BURN,1,Versa 4
2026-05-08T14:25:00Z,FAT_BURN,1,Versa 4
2026-05-08T14:26:00Z,FAT_BURN,1,Versa 4
2026-05-08T14:27:00Z,FAT_BURN,1,Versa 4
2026-05-08T14:28:00Z,FAT_BURN,1,Versa 4
2026-05-08T14:29:00Z,FAT_BURN,1,Versa 4
2026-05-08T14:32:00Z,FAT_BURN,1,Versa 4
2026-05-08T14:33:00Z,FAT_BURN,1,Versa 4
2026-05-08T15:34:00Z,FAT_BURN,1,Versa 4
2026-05-08T15:37:00Z,FAT_BURN,1,Versa 4
2026-05-08T15:38:00Z,FAT_BURN,1,Versa 4
2026-05-08T18:37:00Z,FAT_BURN,1,Versa 4
2026-05-08T18:38:00Z,FAT_BURN,1,Versa 4
2026-05-08T18:39:00Z,FAT_BURN,1,Versa 4
2026-05-08T18:40:00Z,FAT_BURN,1,Versa 4
2026-05-08T19:31:00Z,FAT_BURN,1,Versa 4
2026-05-08T21:13:00Z,FAT_BURN,1,Versa 4
2026-05-08T21:22:00Z,FAT_BURN,1,Versa 4
2026-05-08T21:23:00Z,FAT_BURN,1,Versa 4
2026-05-08T22:26:00Z,FAT_BURN,1,Versa 4
2026-05-08T23:56:00Z,FAT_BURN,1,Versa 4
2026-05-09T13:19:00Z,FAT_BURN,1,Versa 4
2026-05-09T13:20:00Z,FAT_BURN,1,Versa 4
2026-05-09T13:21:00Z,FAT_BURN,1,Versa 4
2026-05-09T13:51:00Z,FAT_BURN,1,Versa 4
2026-05-09T13:56:00Z,FAT_BURN,1,Versa 4
2026-05-09T14:05:00Z,FAT_BURN,1,Versa 4
2026-05-09T14:14:00Z,FAT_BURN,1,Versa 4
2026-05-09T14:22:00Z,FAT_BURN,1,Versa 4
2026-05-09T14:32:00Z,FAT_BURN,1,Versa 4
2026-05-09T14:47:00Z,FAT_BURN,1,Versa 4
2026-05-09T18:48:00Z,FAT_BURN,1,Versa 4
2026-05-09T18:49:00Z,FAT_BURN,1,Versa 4
2026-05-09T20:45:00Z,FAT_BURN,1,Versa 4
2026-05-09T20:46:00Z,FAT_BURN,1,Versa 4
2026-05-09T20:48:00Z,FAT_BURN,1,Versa 4
2026-05-09T20:53:00Z,FAT_BURN,1,Versa 4
2026-05-10T13:14:00Z,FAT_BURN,1,Versa 4
2026-05-10T13:23:00Z,FAT_BURN,1,Versa 4
2026-05-10T13:24:00Z,FAT_BURN,1,Versa 4
2026-05-10T13:25:00Z,FAT_BURN,1,Versa 4
2026-05-10T14:07:00Z,FAT_BURN,1,Versa 4
2026-05-10T14:09:00Z,FAT_BURN,1,Versa 4
2026-05-10T14:11:00Z,FAT_BURN,1,Versa 4
2026-05-12T10:35:00Z,FAT_BURN,1,Versa 4
2026-05-12T10:36:00Z,FAT_BURN,1,Versa 4
2026-05-12T10:37:00Z,FAT_BURN,1,Versa 4
2026-05-12T10:38:00Z,FAT_BURN,1,Versa 4
2026-05-12T12:20:00Z,FAT_BURN,1,Versa 4
2026-05-12T12:21:00Z,FAT_BURN,1,Versa 4
2026-05-12T12:22:00Z,FAT_BURN,1,Versa 4
2026-05-12T13:29:00Z,FAT_BURN,1,Versa 4
2026-05-12T13:30:00Z,FAT_BURN,1,Versa 4
2026-05-12T13:31:00Z,FAT_BURN,1,Versa 4
2026-05-12T13:58:00Z,FAT_BURN,1,Versa 4
2026-05-12T13:59:00Z,FAT_BURN,1,Versa 4
2026-05-12T14:07:00Z,FAT_BURN,1,Versa 4
2026-05-12T14:08:00Z,FAT_BURN,1,Versa 4
2026-05-12T14:09:00Z,FAT_BURN,1,Versa 4
2026-05-12T14:10:00Z,FAT_BURN,1,Versa 4
2026-05-12T14:15:00Z,FAT_BURN,1,Versa 4
2026-05-12T14:23:00Z,FAT_BURN,1,Versa 4
2026-05-12T14:24:00Z,FAT_BURN,1,Versa 4
2026-05-12T14:25:00Z,FAT_BURN,1,Versa 4
2026-05-12T14:26:00Z,FAT_BURN,1,Versa 4
2026-05-12T17:55:00Z,FAT_BURN,1,Versa 4
2026-05-12T18:57:00Z,FAT_BURN,1,Versa 4
2026-05-12T18:58:00Z,FAT_BURN,1,Versa 4
2026-05-12T18:59:00Z,FAT_BURN,1,Versa 4
2026-05-12T19:00:00Z,FAT_BURN,1,Versa 4
2026-05-12T19:07:00Z,FAT_BURN,1,Versa 4
2026-05-13T06:04:00Z,FAT_BURN,1,Versa 4
2026-05-14T13:31:00Z,FAT_BURN,1,Versa 4
2026-05-14T14:05:00Z,FAT_BURN,1,Versa 4
2026-05-14T14:06:00Z,FAT_BURN,1,Versa 4
2026-05-14T14:07:00Z,FAT_BURN,1,Versa 4
2026-05-14T14:08:00Z,CARDIO,2,Versa 4
2026-05-14T14:09:00Z,FAT_BURN,1,Versa 4
2026-05-14T14:10:00Z,CARDIO,2,Versa 4
2026-05-14T14:11:00Z,CARDIO,2,Versa 4
2026-05-14T14:12:00Z,FAT_BURN,1,Versa 4
2026-05-14T14:13:00Z,FAT_BURN,1,Versa 4
2026-05-14T14:14:00Z,FAT_BURN,1,Versa 4
2026-05-14T14:15:00Z,FAT_BURN,1,Versa 4
2026-05-14T14:16:00Z,FAT_BURN,1,Versa 4
2026-05-14T14:17:00Z,FAT_BURN,1,Versa 4
2026-05-14T14:18:00Z,FAT_BURN,1,Versa 4
2026-05-14T14:49:00Z,FAT_BURN,1,Versa 4
2026-05-14T15:12:00Z,FAT_BURN,1,Versa 4
2026-05-14T19:18:00Z,FAT_BURN,1,Versa 4
2026-05-14T19:19:00Z,FAT_BURN,1,Versa 4
2026-05-14T19:20:00Z,FAT_BURN,1,Versa 4
2026-05-14T19:41:00Z,FAT_BURN,1,Versa 4
2026-05-14T21:13:00Z,FAT_BURN,1,Versa 4
2026-05-14T21:14:00Z,FAT_BURN,1,Versa 4
2026-05-15T12:38:00Z,FAT_BURN,1,Versa 4
2026-05-15T12:39:00Z,FAT_BURN,1,Versa 4
2026-05-15T13:02:00Z,FAT_BURN,1,Versa 4
2026-05-15T13:05:00Z,FAT_BURN,1,Versa 4
2026-05-15T13:45:00Z,FAT_BURN,1,Versa 4
2026-05-15T13:47:00Z,FAT_BURN,1,Versa 4
2026-05-16T13:25:00Z,FAT_BURN,1,Versa 4
2026-05-16T13:26:00Z,FAT_BURN,1,Versa 4
2026-05-16T13:27:00Z,FAT_BURN,1,Versa 4
2026-05-16T13:57:00Z,FAT_BURN,1,Versa 4
2026-05-16T13:58:00Z,FAT_BURN,1,Versa 4
2026-05-16T14:16:00Z,FAT_BURN,1,Versa 4
2026-05-16T15:04:00Z,FAT_BURN,1,Versa 4
2026-05-16T15:35:00Z,FAT_BURN,1,Versa 4
2026-05-16T15:42:00Z,FAT_BURN,1,Versa 4
2026-05-17T03:25:00Z,FAT_BURN,1,Versa 4
2026-05-17T14:45:00Z,FAT_BURN,1,Versa 4
2026-05-17T14:52:00Z,FAT_BURN,1,Versa 4
2026-05-17T15:01:00Z,FAT_BURN,1,Versa 4
2026-05-17T16:58:00Z,FAT_BURN,1,Versa 4
2026-05-17T17:49:00Z,FAT_BURN,1,Versa 4
2026-05-17T20:22:00Z,FAT_BURN,1,Versa 4
2026-05-18T13:19:00Z,FAT_BURN,1,Versa 4
2026-05-18T13:20:00Z,FAT_BURN,1,Versa 4
2026-05-18T13:53:00Z,FAT_BURN,1,Versa 4
2026-05-19T13:29:00Z,FAT_BURN,1,Versa 4
2026-05-19T13:30:00Z,FAT_BURN,1,Versa 4
2026-05-19T14:01:00Z,FAT_BURN,1,Versa 4
2026-05-19T14:54:00Z,FAT_BURN,1,Versa 4
2026-05-19T18:29:00Z,FAT_BURN,1,Versa 4
2026-05-19T18:41:00Z,FAT_BURN,1,Versa 4
2026-05-19T19:06:00Z,FAT_BURN,1,Versa 4
2026-05-19T19:08:00Z,FAT_BURN,1,Versa 4
2026-05-19T19:09:00Z,FAT_BURN,1,Versa 4
2026-05-19T19:39:00Z,FAT_BURN,1,Versa 4
2026-05-20T06:32:00Z,FAT_BURN,1,Versa 4
2026-05-20T06:33:00Z,FAT_BURN,1,Versa 4
2026-05-20T06:34:00Z,FAT_BURN,1,Versa 4
2026-05-20T06:35:00Z,FAT_BURN,1,Versa 4
2026-05-21T05:26:00Z,FAT_BURN,1,Versa 4
2026-05-21T06:46:00Z,FAT_BURN,1,Versa 4
2026-05-21T06:47:00Z,FAT_BURN,1,Versa 4
2026-05-21T06:48:00Z,FAT_BURN,1,Versa 4
2026-05-21T06:49:00Z,FAT_BURN,1,Versa 4
2026-05-21T18:20:00Z,FAT_BURN,1,Versa 4
2026-05-22T10:55:00Z,FAT_BURN,1,Versa 4
2026-05-22T13:11:00Z,FAT_BURN,1,Versa 4
2026-05-22T13:12:00Z,FAT_BURN,1,Versa 4
2026-05-22T13:13:00Z,FAT_BURN,1,Versa 4
2026-05-22T14:20:00Z,FAT_BURN,1,Versa 4
2026-05-23T09:08:00Z,FAT_BURN,1,Versa 4
2026-05-23T13:24:00Z,FAT_BURN,1,Versa 4
2026-05-23T13:25:00Z,FAT_BURN,1,Versa 4
2026-05-23T13:27:00Z,FAT_BURN,1,Versa 4
2026-05-23T13:28:00Z,FAT_BURN,1,Versa 4
2026-05-23T14:10:00Z,FAT_BURN,1,Versa 4
2026-05-23T14:11:00Z,FAT_BURN,1,Versa 4
2026-05-23T14:13:00Z,FAT_BURN,1,Versa 4
2026-05-23T14:20:00Z,FAT_BURN,1,Versa 4
2026-05-23T16:28:00Z,FAT_BURN,1,Versa 4
2026-05-23T17:18:00Z,FAT_BURN,1,Versa 4
2026-05-23T17:22:00Z,FAT_BURN,1,Versa 4
2026-05-23T18:40:00Z,FAT_BURN,1,Versa 4
2026-05-23T19:32:00Z,FAT_BURN,1,Versa 4
2026-05-23T19:34:00Z,FAT_BURN,1,Versa 4
2026-05-23T19:35:00Z,FAT_BURN,1,Versa 4
2026-05-23T19:36:00Z,FAT_BURN,1,Versa 4
2026-05-23T19:37:00Z,FAT_BURN,1,Versa 4
2026-05-23T19:38:00Z,FAT_BURN,1,Versa 4
2026-05-23T19:39:00Z,FAT_BURN,1,Versa 4
2026-05-23T19:40:00Z,FAT_BURN,1,Versa 4
2026-05-24T13:51:00Z,FAT_BURN,1,Versa 4
2026-05-26T10:01:00Z,FAT_BURN,1,Versa 4
2026-05-26T14:17:00Z,FAT_BURN,1,Versa 4
2026-05-26T14:18:00Z,FAT_BURN,1,Versa 4
2026-05-26T17:55:00Z,FAT_BURN,1,Versa 4
2026-05-26T17:56:00Z,FAT_BURN,1,Versa 4
2026-05-26T17:57:00Z,FAT_BURN,1,Versa 4
2026-05-26T17:58:00Z,FAT_BURN,1,Versa 4
2026-05-26T17:59:00Z,FAT_BURN,1,Versa 4
2026-05-26T18:00:00Z,FAT_BURN,1,Versa 4
2026-05-26T20:21:00Z,FAT_BURN,1,Versa 4
2026-05-26T20:34:00Z,FAT_BURN,1,Versa 4
2026-05-26T20:35:00Z,FAT_BURN,1,Versa 4
2026-05-26T20:36:00Z,FAT_BURN,1,Versa 4
2026-05-26T20:41:00Z,FAT_BURN,1,Versa 4
2026-05-26T20:43:00Z,FAT_BURN,1,Versa 4
2026-05-26T20:45:00Z,FAT_BURN,1,Versa 4
2026-05-26T20:46:00Z,FAT_BURN,1,Versa 4
2026-05-26T20:47:00Z,FAT_BURN,1,Versa 4
2026-05-26T20:48:00Z,FAT_BURN,1,Versa 4
2026-05-26T20:49:00Z,FAT_BURN,1,Versa 4
2026-05-26T20:50:00Z,FAT_BURN,1,Versa 4
2026-05-26T20:51:00Z,FAT_BURN,1,Versa 4
2026-05-26T20:52:00Z,FAT_BURN,1,Versa 4
2026-05-27T06:10:00Z,FAT_BURN,1,Versa 4
2026-05-27T06:39:00Z,FAT_BURN,1,Versa 4
2026-05-27T06:59:00Z,FAT_BURN,1,Versa 4
2026-05-27T07:00:00Z,FAT_BURN,1,Versa 4
2026-05-27T07:01:00Z,FAT_BURN,1,Versa 4
2026-05-27T07:03:00Z,FAT_BURN,1,Versa 4
2026-05-27T07:04:00Z,FAT_BURN,1,Versa 4
2026-05-27T07:05:00Z,FAT_BURN,1,Versa 4
2026-05-27T07:06:00Z,FAT_BURN,1,Versa 4
2026-05-27T07:07:00Z,FAT_BURN,1,Versa 4
2026-05-27T07:08:00Z,FAT_BURN,1,Versa 4
2026-05-27T07:09:00Z,FAT_BURN,1,Versa 4
2026-05-27T09:12:00Z,FAT_BURN,1,Versa 4
2026-05-27T09:13:00Z,FAT_BURN,1,Versa 4
2026-05-27T15:09:00Z,FAT_BURN,1,Versa 4
2026-05-27T19:06:00Z,FAT_BURN,1,Versa 4
2026-05-28T10:42:00Z,FAT_BURN,1,Versa 4
2026-05-28T11:09:00Z,FAT_BURN,1,Versa 4
2026-05-28T11:10:00Z,FAT_BURN,1,Versa 4
2026-05-28T12:30:00Z,FAT_BURN,1,Versa 4
2026-05-31T11:32:00Z,FAT_BURN,1,Versa 4
2026-05-31T11:34:00Z,FAT_BURN,1,Versa 4
2026-05-31T11:40:00Z,FAT_BURN,1,Versa 4
2026-05-31T11:41:00Z,FAT_BURN,1,Versa 4
2026-05-31T11:47:00Z,FAT_BURN,1,Versa 4
2026-05-31T12:10:00Z,FAT_BURN,1,Versa 4
2026-05-31T13:24:00Z,FAT_BURN,1,Versa 4
2026-05-31T13:55:00Z,FAT_BURN,1,Versa 4
2026-05-31T16:09:00Z,FAT_BURN,1,Versa 4
