recorded_time,temperature,sensor_type
2026-05-10T00:00,0.5594360086767907,UNKNOWN
2026-05-10T00:01,0.5594360086767907,UNKNOWN
2026-05-10T00:02,0.3594360086767949,UNKNOWN
2026-05-10T00:03,0.059436008676790664,UNKNOWN
2026-05-10T00:04,-0.14056399132320507,UNKNOWN
2026-05-10T00:05,-0.2405639913232065,UNKNOWN
2026-05-10T00:06,-0.44056399132320934,UNKNOWN
2026-05-10T00:07,-0.6405639913232051,UNKNOWN
2026-05-10T00:08,-0.6405639913232051,UNKNOWN
2026-05-10T00:09,-0.7405639913232065,UNKNOWN
2026-05-10T00:10,-0.6405639913232051,UNKNOWN
2026-05-10T00:11,-0.6405639913232051,UNKNOWN
2026-05-10T00:12,-0.5405639913232037,UNKNOWN
2026-05-10T00:13,-0.44056399132320934,UNKNOWN
2026-05-10T00:14,-0.44056399132320934,UNKNOWN
2026-05-10T00:15,-0.3405639913232079,UNKNOWN
2026-05-10T00:16,-0.3405639913232079,UNKNOWN
2026-05-10T00:17,-0.3405639913232079,UNKNOWN
2026-05-10T00:18,-0.5405639913232037,UNKNOWN
2026-05-10T00:19,-0.8405639913232079,UNKNOWN
2026-05-10T00:20,-0.9405639913232093,UNKNOWN
2026-05-10T00:21,-1.0405639913232037,UNKNOWN
2026-05-10T00:22,-1.140563991323205,UNKNOWN
2026-05-10T00:23,-1.2405639913232065,UNKNOWN
2026-05-10T00:24,-1.0405639913232037,UNKNOWN
2026-05-10T00:25,-0.9405639913232093,UNKNOWN
2026-05-10T00:26,-0.6405639913232051,UNKNOWN
2026-05-10T00:27,-0.6405639913232051,UNKNOWN
2026-05-10T00:28,-0.5405639913232037,UNKNOWN
2026-05-10T00:29,-0.44056399132320934,UNKNOWN
2026-05-10T00:30,-0.44056399132320934,UNKNOWN
2026-05-10T00:31,-0.2405639913232065,UNKNOWN
2026-05-10T00:32,-0.3405639913232079,UNKNOWN
2026-05-10T00:33,-0.3405639913232079,UNKNOWN
2026-05-10T00:34,-0.3405639913232079,UNKNOWN
2026-05-10T00:35,-0.2405639913232065,UNKNOWN
2026-05-10T00:36,-0.2405639913232065,UNKNOWN
2026-05-10T00:37,-0.2405639913232065,UNKNOWN
2026-05-10T00:38,-0.14056399132320507,UNKNOWN
2026-05-10T00:39,-0.04056399132320365,UNKNOWN
2026-05-10T00:40,-0.04056399132320365,UNKNOWN
2026-05-10T00:41,-0.04056399132320365,UNKNOWN
2026-05-10T00:42,0.059436008676790664,UNKNOWN
2026-05-10T00:43,0.059436008676790664,UNKNOWN
2026-05-10T00:44,0.15943600867679208,UNKNOWN
2026-05-10T00:45,0.15943600867679208,UNKNOWN
2026-05-10T00:46,0.2594360086767935,UNKNOWN
2026-05-10T00:47,0.2594360086767935,UNKNOWN
2026-05-10T00:48,0.3594360086767949,UNKNOWN
2026-05-10T00:49,0.2594360086767935,UNKNOWN
2026-05-10T00:50,0.3594360086767949,UNKNOWN
2026-05-10T00:51,0.3594360086767949,UNKNOWN
2026-05-10T00:52,0.45943600867679635,UNKNOWN
2026-05-10T00:53,0.45943600867679635,UNKNOWN
2026-05-10T00:54,0.45943600867679635,UNKNOWN
2026-05-10T00:55,0.5594360086767907,UNKNOWN
2026-05-10T00:56,0.5594360086767907,UNKNOWN
2026-05-10T00:57,0.5594360086767907,UNKNOWN
2026-05-10T00:58,0.6594360086767921,UNKNOWN
2026-05-10T00:59,0.6594360086767921,UNKNOWN
2026-05-10T01:00,0.7594360086767935,UNKNOWN
2026-05-10T01:01,0.6594360086767921,UNKNOWN
2026-05-10T01:02,0.7594360086767935,UNKNOWN
2026-05-10T01:03,0.7594360086767935,UNKNOWN
2026-05-10T01:04,0.8594360086767949,UNKNOWN
2026-05-10T01:05,0.8594360086767949,UNKNOWN
2026-05-10T01:06,0.8594360086767949,UNKNOWN
2026-05-10T01:07,0.9594360086767963,UNKNOWN
2026-05-10T01:08,0.9594360086767963,UNKNOWN
2026-05-10T01:09,0.9594360086767963,UNKNOWN
2026-05-10T01:10,0.9594360086767963,UNKNOWN
2026-05-10T01:11,0.9594360086767963,UNKNOWN
2026-05-10T01:12,0.9594360086767963,UNKNOWN
2026-05-10T01:13,0.9594360086767963,UNKNOWN
2026-05-10T01:14,1.0594360086767907,UNKNOWN
2026-05-10T01:15,1.0594360086767907,UNKNOWN
2026-05-10T01:16,1.0594360086767907,UNKNOWN
2026-05-10T01:17,1.0594360086767907,UNKNOWN
2026-05-10T01:18,0.9594360086767963,UNKNOWN
2026-05-10T01:19,0.8594360086767949,UNKNOWN
2026-05-10T01:20,0.5594360086767907,UNKNOWN
2026-05-10T01:21,0.3594360086767949,UNKNOWN
2026-05-10T01:22,0.059436008676790664,UNKNOWN
2026-05-10T01:23,-0.14056399132320507,UNKNOWN
2026-05-10T01:24,-0.3405639913232079,UNKNOWN
2026-05-10T01:25,-0.5405639913232037,UNKNOWN
2026-05-10T01:26,-0.6405639913232051,UNKNOWN
2026-05-10T01:27,-0.7405639913232065,UNKNOWN
2026-05-10T01:28,-0.8405639913232079,UNKNOWN
2026-05-10T01:29,-1.0405639913232037,UNKNOWN
2026-05-10T01:30,-1.140563991323205,UNKNOWN
2026-05-10T01:31,-1.2405639913232065,UNKNOWN
2026-05-10T01:32,-1.2405639913232065,UNKNOWN
2026-05-10T01:33,-1.2405639913232065,UNKNOWN
2026-05-10T01:34,-1.140563991323205,UNKNOWN
2026-05-10T01:35,-1.0405639913232037,UNKNOWN
2026-05-10T01:36,-0.8405639913232079,UNKNOWN
2026-05-10T01:37,-0.6405639913232051,UNKNOWN
2026-05-10T01:38,-0.44056399132320934,UNKNOWN
2026-05-10T01:39,-0.3405639913232079,UNKNOWN
2026-05-10T01:40,-0.3405639913232079,UNKNOWN
2026-05-10T01:41,-0.3405639913232079,UNKNOWN
2026-05-10T01:42,-0.2405639913232065,UNKNOWN
2026-05-10T01:43,-0.14056399132320507,UNKNOWN
2026-05-10T01:44,-0.14056399132320507,UNKNOWN
2026-05-10T01:45,-0.04056399132320365,UNKNOWN
2026-05-10T01:46,-0.04056399132320365,UNKNOWN
2026-05-10T01:47,-0.04056399132320365,UNKNOWN
2026-05-10T01:48,-0.04056399132320365,UNKNOWN
2026-05-10T01:49,-0.04056399132320365,UNKNOWN
2026-05-10T01:50,0.059436008676790664,UNKNOWN
2026-05-10T01:51,0.059436008676790664,UNKNOWN
2026-05-10T01:52,0.059436008676790664,UNKNOWN
2026-05-10T01:53,0.059436008676790664,UNKNOWN
2026-05-10T01:54,0.059436008676790664,UNKNOWN
2026-05-10T01:55,0.059436008676790664,UNKNOWN
2026-05-10T01:56,0.059436008676790664,UNKNOWN
2026-05-10T01:57,0.059436008676790664,UNKNOWN
2026-05-10T01:58,0.059436008676790664,UNKNOWN
2026-05-10T01:59,0.059436008676790664,UNKNOWN
2026-05-10T02:00,0.15943600867679208,UNKNOWN
2026-05-10T02:01,0.059436008676790664,UNKNOWN
2026-05-10T02:02,0.059436008676790664,UNKNOWN
2026-05-10T02:03,0.059436008676790664,UNKNOWN
2026-05-10T02:04,-0.04056399132320365,UNKNOWN
2026-05-10T02:05,-0.04056399132320365,UNKNOWN
2026-05-10T02:06,-0.04056399132320365,UNKNOWN
2026-05-10T02:07,-0.04056399132320365,UNKNOWN
2026-05-10T02:08,0.059436008676790664,UNKNOWN
2026-05-10T02:09,0.059436008676790664,UNKNOWN
2026-05-10T02:10,0.059436008676790664,UNKNOWN
2026-05-10T02:11,0.059436008676790664,UNKNOWN
2026-05-10T02:12,0.059436008676790664,UNKNOWN
2026-05-10T02:13,0.059436008676790664,UNKNOWN
2026-05-10T02:14,0.059436008676790664,UNKNOWN
2026-05-10T02:15,0.059436008676790664,UNKNOWN
2026-05-10T02:16,0.059436008676790664,UNKNOWN
2026-05-10T02:17,0.15943600867679208,UNKNOWN
2026-05-10T02:18,0.059436008676790664,UNKNOWN
2026-05-10T02:19,0.15943600867679208,UNKNOWN
2026-05-10T02:20,0.059436008676790664,UNKNOWN
2026-05-10T02:21,0.15943600867679208,UNKNOWN
2026-05-10T02:22,0.15943600867679208,UNKNOWN
2026-05-10T02:23,0.15943600867679208,UNKNOWN
2026-05-10T02:24,0.2594360086767935,UNKNOWN
2026-05-10T02:25,0.15943600867679208,UNKNOWN
2026-05-10T02:26,0.2594360086767935,UNKNOWN
2026-05-10T02:27,0.2594360086767935,UNKNOWN
2026-05-10T02:28,0.2594360086767935,UNKNOWN
2026-05-10T02:29,0.2594360086767935,UNKNOWN
2026-05-10T02:30,0.059436008676790664,UNKNOWN
2026-05-10T02:31,-0.04056399132320365,UNKNOWN
2026-05-10T02:32,-0.04056399132320365,UNKNOWN
2026-05-10T02:33,0.059436008676790664,UNKNOWN
2026-05-10T02:34,-0.04056399132320365,UNKNOWN
2026-05-10T02:35,0.059436008676790664,UNKNOWN
2026-05-10T02:36,0.059436008676790664,UNKNOWN
2026-05-10T02:37,0.15943600867679208,UNKNOWN
2026-05-10T02:38,0.059436008676790664,UNKNOWN
2026-05-10T02:39,0.15943600867679208,UNKNOWN
2026-05-10T02:40,0.15943600867679208,UNKNOWN
2026-05-10T02:41,0.15943600867679208,UNKNOWN
2026-05-10T02:42,0.15943600867679208,UNKNOWN
2026-05-10T02:43,0.15943600867679208,UNKNOWN
2026-05-10T02:44,0.2594360086767935,UNKNOWN
2026-05-10T02:45,0.2594360086767935,UNKNOWN
2026-05-10T02:46,0.059436008676790664,UNKNOWN
2026-05-10T02:47,-0.04056399132320365,UNKNOWN
2026-05-10T02:48,-0.14056399132320507,UNKNOWN
2026-05-10T02:49,-0.2405639913232065,UNKNOWN
2026-05-10T02:50,-0.3405639913232079,UNKNOWN
2026-05-10T02:51,-0.44056399132320934,UNKNOWN
2026-05-10T02:52,-0.5405639913232037,UNKNOWN
2026-05-10T02:53,-0.5405639913232037,UNKNOWN
2026-05-10T02:54,-0.3405639913232079,UNKNOWN
2026-05-10T02:55,-0.2405639913232065,UNKNOWN
2026-05-10T02:56,-0.04056399132320365,UNKNOWN
2026-05-10T02:57,0.059436008676790664,UNKNOWN
2026-05-10T02:58,0.059436008676790664,UNKNOWN
2026-05-10T02:59,0.15943600867679208,UNKNOWN
2026-05-10T03:00,0.2594360086767935,UNKNOWN
2026-05-10T03:01,0.3594360086767949,UNKNOWN
2026-05-10T03:02,0.3594360086767949,UNKNOWN
2026-05-10T03:03,0.3594360086767949,UNKNOWN
2026-05-10T03:04,0.3594360086767949,UNKNOWN
2026-05-10T03:05,0.3594360086767949,UNKNOWN
2026-05-10T03:06,0.45943600867679635,UNKNOWN
2026-05-10T03:07,0.45943600867679635,UNKNOWN
2026-05-10T03:08,0.45943600867679635,UNKNOWN
2026-05-10T03:09,0.45943600867679635,UNKNOWN
2026-05-10T03:10,0.5594360086767907,UNKNOWN
2026-05-10T03:11,0.5594360086767907,UNKNOWN
2026-05-10T03:12,0.5594360086767907,UNKNOWN
2026-05-10T03:13,0.5594360086767907,UNKNOWN
2026-05-10T03:14,0.5594360086767907,UNKNOWN
2026-05-10T03:15,0.5594360086767907,UNKNOWN
2026-05-10T03:16,0.5594360086767907,UNKNOWN
2026-05-10T03:17,0.5594360086767907,UNKNOWN
2026-05-10T03:18,0.5594360086767907,UNKNOWN
2026-05-10T03:19,0.5594360086767907,UNKNOWN
2026-05-10T03:20,0.5594360086767907,UNKNOWN
2026-05-10T03:21,0.5594360086767907,UNKNOWN
2026-05-10T03:22,0.6594360086767921,UNKNOWN
2026-05-10T03:23,0.6594360086767921,UNKNOWN
2026-05-10T03:24,0.6594360086767921,UNKNOWN
2026-05-10T03:25,0.5594360086767907,UNKNOWN
2026-05-10T03:26,0.5594360086767907,UNKNOWN
2026-05-10T03:27,0.6594360086767921,UNKNOWN
2026-05-10T03:28,0.6594360086767921,UNKNOWN
2026-05-10T03:29,0.6594360086767921,UNKNOWN
2026-05-10T03:30,0.6594360086767921,UNKNOWN
2026-05-10T03:31,0.6594360086767921,UNKNOWN
2026-05-10T03:32,0.6594360086767921,UNKNOWN
2026-05-10T03:33,0.6594360086767921,UNKNOWN
2026-05-10T03:34,0.7594360086767935,UNKNOWN
2026-05-10T03:35,0.6594360086767921,UNKNOWN
2026-05-10T03:36,0.6594360086767921,UNKNOWN
2026-05-10T03:37,0.6594360086767921,UNKNOWN
2026-05-10T03:38,0.6594360086767921,UNKNOWN
2026-05-10T03:39,0.6594360086767921,UNKNOWN
2026-05-10T03:40,0.6594360086767921,UNKNOWN
2026-05-10T03:41,0.7594360086767935,UNKNOWN
2026-05-10T03:42,0.6594360086767921,UNKNOWN
2026-05-10T03:43,0.45943600867679635,UNKNOWN
2026-05-10T03:44,0.45943600867679635,UNKNOWN
2026-05-10T03:45,0.2594360086767935,UNKNOWN
2026-05-10T03:46,0.15943600867679208,UNKNOWN
2026-05-10T03:47,-0.04056399132320365,UNKNOWN
2026-05-10T03:48,-0.04056399132320365,UNKNOWN
2026-05-10T03:49,-0.14056399132320507,UNKNOWN
2026-05-10T03:50,-0.04056399132320365,UNKNOWN
2026-05-10T03:51,-0.14056399132320507,UNKNOWN
2026-05-10T03:52,-0.14056399132320507,UNKNOWN
2026-05-10T03:53,-0.14056399132320507,UNKNOWN
2026-05-10T03:54,-0.14056399132320507,UNKNOWN
2026-05-10T03:55,-0.14056399132320507,UNKNOWN
2026-05-10T03:56,-0.14056399132320507,UNKNOWN
2026-05-10T03:57,-0.14056399132320507,UNKNOWN
2026-05-10T03:58,-0.14056399132320507,UNKNOWN
2026-05-10T03:59,-0.14056399132320507,UNKNOWN
2026-05-10T04:00,-0.04056399132320365,UNKNOWN
2026-05-10T04:01,-0.04056399132320365,UNKNOWN
2026-05-10T04:02,-0.04056399132320365,UNKNOWN
2026-05-10T04:03,-0.04056399132320365,UNKNOWN
2026-05-10T04:04,0.059436008676790664,UNKNOWN
2026-05-10T04:05,-0.04056399132320365,UNKNOWN
2026-05-10T04:06,0.059436008676790664,UNKNOWN
2026-05-10T04:07,0.059436008676790664,UNKNOWN
2026-05-10T04:08,-0.04056399132320365,UNKNOWN
2026-05-10T04:09,-0.14056399132320507,UNKNOWN
2026-05-10T04:10,-0.2405639913232065,UNKNOWN
2026-05-10T04:11,-0.2405639913232065,UNKNOWN
2026-05-10T04:12,-0.2405639913232065,UNKNOWN
2026-05-10T04:13,-0.2405639913232065,UNKNOWN
2026-05-10T04:14,-0.3405639913232079,UNKNOWN
2026-05-10T04:15,-0.3405639913232079,UNKNOWN
2026-05-10T04:16,-0.3405639913232079,UNKNOWN
2026-05-10T04:17,-0.3405639913232079,UNKNOWN
2026-05-10T04:18,-0.3405639913232079,UNKNOWN
2026-05-10T04:19,-0.3405639913232079,UNKNOWN
2026-05-10T04:20,-0.3405639913232079,UNKNOWN
2026-05-10T04:21,-0.3405639913232079,UNKNOWN
2026-05-10T04:22,-0.3405639913232079,UNKNOWN
2026-05-10T04:23,-0.14056399132320507,UNKNOWN
2026-05-10T04:24,-0.2405639913232065,UNKNOWN
2026-05-10T04:25,-0.2405639913232065,UNKNOWN
2026-05-10T04:26,-0.14056399132320507,UNKNOWN
2026-05-10T04:27,-0.2405639913232065,UNKNOWN
2026-05-10T04:28,-0.14056399132320507,UNKNOWN
2026-05-10T04:29,-0.04056399132320365,UNKNOWN
2026-05-10T04:30,-0.04056399132320365,UNKNOWN
2026-05-10T04:31,-0.04056399132320365,UNKNOWN
2026-05-10T04:32,-0.04056399132320365,UNKNOWN
2026-05-10T04:33,-0.04056399132320365,UNKNOWN
2026-05-10T04:34,0.059436008676790664,UNKNOWN
2026-05-10T04:35,-0.04056399132320365,UNKNOWN
2026-05-10T04:36,0.059436008676790664,UNKNOWN
2026-05-10T04:37,-0.04056399132320365,UNKNOWN
2026-05-10T04:38,-0.2405639913232065,UNKNOWN
2026-05-10T04:39,-0.44056399132320934,UNKNOWN
2026-05-10T04:40,-0.44056399132320934,UNKNOWN
2026-05-10T04:41,-0.5405639913232037,UNKNOWN
2026-05-10T04:42,-0.6405639913232051,UNKNOWN
2026-05-10T04:43,-0.5405639913232037,UNKNOWN
2026-05-10T04:44,-0.5405639913232037,UNKNOWN
2026-05-10T04:45,-0.5405639913232037,UNKNOWN
2026-05-10T04:46,-0.44056399132320934,UNKNOWN
2026-05-10T04:47,-0.44056399132320934,UNKNOWN
2026-05-10T04:48,-0.44056399132320934,UNKNOWN
2026-05-10T04:49,-0.3405639913232079,UNKNOWN
2026-05-10T04:50,-0.2405639913232065,UNKNOWN
2026-05-10T04:51,-0.2405639913232065,UNKNOWN
2026-05-10T04:52,-0.2405639913232065,UNKNOWN
2026-05-10T04:53,-0.2405639913232065,UNKNOWN
2026-05-10T04:54,-0.14056399132320507,UNKNOWN
2026-05-10T04:55,-0.14056399132320507,UNKNOWN
2026-05-10T04:56,-0.14056399132320507,UNKNOWN
2026-05-10T04:57,-0.04056399132320365,UNKNOWN
2026-05-10T04:58,-0.14056399132320507,UNKNOWN
2026-05-10T04:59,-0.04056399132320365,UNKNOWN
2026-05-10T05:00,-0.14056399132320507,UNKNOWN
2026-05-10T05:01,-0.14056399132320507,UNKNOWN
2026-05-10T05:02,-0.14056399132320507,UNKNOWN
2026-05-10T05:03,-0.04056399132320365,UNKNOWN
2026-05-10T05:04,-0.14056399132320507,UNKNOWN
2026-05-10T05:05,-0.14056399132320507,UNKNOWN
2026-05-10T05:06,-0.14056399132320507,UNKNOWN
2026-05-10T05:07,-0.14056399132320507,UNKNOWN
2026-05-10T05:08,-0.14056399132320507,UNKNOWN
2026-05-10T05:09,-0.14056399132320507,UNKNOWN
2026-05-10T05:10,-0.04056399132320365,UNKNOWN
2026-05-10T05:11,-0.14056399132320507,UNKNOWN
2026-05-10T05:12,-0.14056399132320507,UNKNOWN
2026-05-10T05:13,-0.14056399132320507,UNKNOWN
2026-05-10T05:14,-0.04056399132320365,UNKNOWN
2026-05-10T05:15,-0.04056399132320365,UNKNOWN
2026-05-10T05:16,-0.14056399132320507,UNKNOWN
2026-05-10T05:17,-0.14056399132320507,UNKNOWN
2026-05-10T05:18,-0.04056399132320365,UNKNOWN
2026-05-10T05:19,-0.04056399132320365,UNKNOWN
2026-05-10T05:20,-0.04056399132320365,UNKNOWN
2026-05-10T05:21,-0.04056399132320365,UNKNOWN
2026-05-10T05:22,-0.04056399132320365,UNKNOWN
2026-05-10T05:23,-0.04056399132320365,UNKNOWN
2026-05-10T05:24,-0.04056399132320365,UNKNOWN
2026-05-10T05:25,-0.04056399132320365,UNKNOWN
2026-05-10T05:26,-0.04056399132320365,UNKNOWN
2026-05-10T05:27,-0.04056399132320365,UNKNOWN
2026-05-10T05:28,-0.04056399132320365,UNKNOWN
2026-05-10T05:29,-0.04056399132320365,UNKNOWN
2026-05-10T05:30,-0.04056399132320365,UNKNOWN
2026-05-10T05:31,-0.04056399132320365,UNKNOWN
2026-05-10T05:32,-0.04056399132320365,UNKNOWN
2026-05-10T05:33,-0.04056399132320365,UNKNOWN
2026-05-10T05:34,-0.04056399132320365,UNKNOWN
2026-05-10T05:35,-0.04056399132320365,UNKNOWN
2026-05-10T05:36,-0.04056399132320365,UNKNOWN
2026-05-10T05:37,-0.04056399132320365,UNKNOWN
2026-05-10T05:38,-0.04056399132320365,UNKNOWN
2026-05-10T05:39,-0.04056399132320365,UNKNOWN
2026-05-10T05:40,-0.04056399132320365,UNKNOWN
2026-05-10T05:41,-0.04056399132320365,UNKNOWN
2026-05-10T05:42,-0.04056399132320365,UNKNOWN
2026-05-10T05:43,-0.04056399132320365,UNKNOWN
2026-05-10T05:44,0.059436008676790664,UNKNOWN
2026-05-10T05:45,-0.04056399132320365,UNKNOWN
2026-05-10T05:46,0.059436008676790664,UNKNOWN
2026-05-10T05:47,-0.04056399132320365,UNKNOWN
2026-05-10T05:48,0.059436008676790664,UNKNOWN
2026-05-10T05:49,-0.04056399132320365,UNKNOWN
2026-05-10T05:50,-0.04056399132320365,UNKNOWN
2026-05-10T05:51,0.059436008676790664,UNKNOWN
2026-05-10T05:52,-0.04056399132320365,UNKNOWN
2026-05-10T05:53,0.059436008676790664,UNKNOWN
2026-05-10T05:54,0.059436008676790664,UNKNOWN
2026-05-10T05:55,0.2594360086767935,UNKNOWN
2026-05-10T05:56,0.3594360086767949,UNKNOWN
2026-05-10T05:57,0.2594360086767935,UNKNOWN
2026-05-10T05:58,0.2594360086767935,UNKNOWN
2026-05-10T05:59,0.3594360086767949,UNKNOWN
2026-05-10T06:00,0.3594360086767949,UNKNOWN
2026-05-10T06:01,0.3594360086767949,UNKNOWN
2026-05-10T06:02,0.3594360086767949,UNKNOWN
2026-05-10T06:03,0.2594360086767935,UNKNOWN
2026-05-10T06:04,0.2594360086767935,UNKNOWN
2026-05-10T06:05,0.2594360086767935,UNKNOWN
2026-05-10T06:06,0.2594360086767935,UNKNOWN
2026-05-10T06:07,0.2594360086767935,UNKNOWN
2026-05-10T06:08,0.059436008676790664,UNKNOWN
2026-05-10T06:09,0.15943600867679208,UNKNOWN
2026-05-10T06:10,0.15943600867679208,UNKNOWN
2026-05-10T06:11,0.059436008676790664,UNKNOWN
2026-05-10T06:12,0.059436008676790664,UNKNOWN
2026-05-10T06:13,0.15943600867679208,UNKNOWN
2026-05-10T06:14,0.059436008676790664,UNKNOWN
2026-05-10T06:15,-0.04056399132320365,UNKNOWN
2026-05-10T06:16,0.059436008676790664,UNKNOWN
2026-05-10T06:17,0.059436008676790664,UNKNOWN
2026-05-10T06:18,-0.04056399132320365,UNKNOWN
2026-05-10T06:19,-0.14056399132320507,UNKNOWN
2026-05-10T06:20,-0.04056399132320365,UNKNOWN
2026-05-10T06:21,-0.14056399132320507,UNKNOWN
2026-05-10T06:22,-0.04056399132320365,UNKNOWN
2026-05-10T06:23,-0.14056399132320507,UNKNOWN
2026-05-10T06:24,-0.04056399132320365,UNKNOWN
2026-05-10T06:25,-0.04056399132320365,UNKNOWN
2026-05-10T06:26,-0.04056399132320365,UNKNOWN
2026-05-10T06:27,-0.04056399132320365,UNKNOWN
2026-05-10T06:28,-0.04056399132320365,UNKNOWN
2026-05-10T06:29,0.059436008676790664,UNKNOWN
2026-05-10T06:30,0.059436008676790664,UNKNOWN
2026-05-10T06:31,0.059436008676790664,UNKNOWN
2026-05-10T06:32,0.059436008676790664,UNKNOWN
2026-05-10T06:33,0.059436008676790664,UNKNOWN
2026-05-10T06:34,0.059436008676790664,UNKNOWN
2026-05-10T06:35,0.059436008676790664,UNKNOWN
2026-05-10T06:36,-0.04056399132320365,UNKNOWN
2026-05-10T06:37,-0.04056399132320365,UNKNOWN
2026-05-10T06:38,-0.04056399132320365,UNKNOWN
2026-05-10T06:39,-0.04056399132320365,UNKNOWN
2026-05-10T06:40,-0.04056399132320365,UNKNOWN
2026-05-10T06:41,-0.14056399132320507,UNKNOWN
2026-05-10T06:42,-0.14056399132320507,UNKNOWN
2026-05-10T06:43,-0.14056399132320507,UNKNOWN
2026-05-10T06:44,-0.2405639913232065,UNKNOWN
2026-05-10T06:45,-0.3405639913232079,UNKNOWN
2026-05-10T06:46,-0.3405639913232079,UNKNOWN
2026-05-10T06:47,-0.44056399132320934,UNKNOWN
2026-05-10T06:48,-0.3405639913232079,UNKNOWN
2026-05-10T06:49,-0.2405639913232065,UNKNOWN
2026-05-10T06:50,-0.04056399132320365,UNKNOWN
2026-05-10T06:51,0.15943600867679208,UNKNOWN
2026-05-10T06:52,0.2594360086767935,UNKNOWN
2026-05-10T06:53,0.3594360086767949,UNKNOWN
2026-05-10T06:54,0.3594360086767949,UNKNOWN
2026-05-10T06:55,0.3594360086767949,UNKNOWN
2026-05-10T06:56,0.3594360086767949,UNKNOWN
2026-05-10T06:57,0.2594360086767935,UNKNOWN
2026-05-10T06:58,0.2594360086767935,UNKNOWN
2026-05-10T06:59,0.15943600867679208,UNKNOWN
2026-05-10T07:00,-0.04056399132320365,UNKNOWN
2026-05-10T07:01,-0.14056399132320507,UNKNOWN
2026-05-10T07:02,-0.2405639913232065,UNKNOWN
2026-05-10T07:03,-0.3405639913232079,UNKNOWN
2026-05-10T07:04,-0.2405639913232065,UNKNOWN
2026-05-10T07:05,-0.2405639913232065,UNKNOWN
2026-05-10T07:06,-0.14056399132320507,UNKNOWN
2026-05-10T07:07,-0.04056399132320365,UNKNOWN
2026-05-10T07:08,0.059436008676790664,UNKNOWN
2026-05-10T07:09,0.059436008676790664,UNKNOWN
2026-05-10T07:10,0.059436008676790664,UNKNOWN
2026-05-10T07:11,0.15943600867679208,UNKNOWN
2026-05-10T07:12,0.059436008676790664,UNKNOWN
2026-05-10T07:13,0.059436008676790664,UNKNOWN
2026-05-10T07:14,0.059436008676790664,UNKNOWN
2026-05-10T07:15,0.059436008676790664,UNKNOWN
2026-05-10T07:16,0.15943600867679208,UNKNOWN
2026-05-10T07:17,0.15943600867679208,UNKNOWN
2026-05-10T07:18,0.059436008676790664,UNKNOWN
2026-05-10T07:19,0.15943600867679208,UNKNOWN
2026-05-10T07:20,0.15943600867679208,UNKNOWN
2026-05-10T07:21,0.059436008676790664,UNKNOWN
2026-05-10T07:22,0.15943600867679208,UNKNOWN
2026-05-10T07:23,0.059436008676790664,UNKNOWN
2026-05-10T07:24,0.059436008676790664,UNKNOWN
2026-05-10T07:25,-0.04056399132320365,UNKNOWN
2026-05-10T07:26,-0.04056399132320365,UNKNOWN
2026-05-10T07:27,-0.04056399132320365,UNKNOWN
2026-05-10T07:28,-0.14056399132320507,UNKNOWN
2026-05-10T07:29,-0.14056399132320507,UNKNOWN
2026-05-10T07:30,-0.3405639913232079,UNKNOWN
2026-05-10T07:31,-0.44056399132320934,UNKNOWN
2026-05-10T07:32,-0.44056399132320934,UNKNOWN
2026-05-10T07:33,-0.44056399132320934,UNKNOWN
2026-05-10T07:34,-0.44056399132320934,UNKNOWN
2026-05-10T07:35,-0.44056399132320934,UNKNOWN
2026-05-10T07:36,-0.5405639913232037,UNKNOWN
2026-05-10T07:37,-0.44056399132320934,UNKNOWN
2026-05-10T07:38,-0.44056399132320934,UNKNOWN
2026-05-10T07:39,-0.3405639913232079,UNKNOWN
2026-05-10T07:40,-0.44056399132320934,UNKNOWN
2026-05-10T07:41,-0.5405639913232037,UNKNOWN
2026-05-10T07:42,-0.5405639913232037,UNKNOWN
2026-05-10T07:43,-0.5405639913232037,UNKNOWN
2026-05-10T07:44,-0.7405639913232065,UNKNOWN
2026-05-10T07:45,-0.44056399132320934,UNKNOWN
2026-05-10T07:46,-0.3405639913232079,UNKNOWN
2026-05-10T07:47,-0.3405639913232079,UNKNOWN
2026-05-10T07:48,-0.2405639913232065,UNKNOWN
2026-05-10T07:49,-0.44056399132320934,UNKNOWN
2026-05-10T07:50,-0.5405639913232037,UNKNOWN
2026-05-10T07:51,-0.5405639913232037,UNKNOWN
2026-05-10T07:52,-0.5405639913232037,UNKNOWN
2026-05-10T07:53,-0.3405639913232079,UNKNOWN
2026-05-10T07:54,-0.2405639913232065,UNKNOWN
2026-05-10T07:55,-0.14056399132320507,UNKNOWN
2026-05-10T07:56,0.059436008676790664,UNKNOWN
2026-05-10T07:57,0.059436008676790664,UNKNOWN
2026-05-10T07:58,0.059436008676790664,UNKNOWN
2026-05-10T07:59,0.2594360086767935,UNKNOWN
2026-05-10T08:00,0.45943600867679635,UNKNOWN
2026-05-10T08:01,0.5594360086767907,UNKNOWN
2026-05-10T08:02,0.5594360086767907,UNKNOWN
2026-05-10T08:03,0.5594360086767907,UNKNOWN
2026-05-10T08:04,0.3594360086767949,UNKNOWN
2026-05-10T08:05,0.3594360086767949,UNKNOWN
2026-05-10T08:06,0.2594360086767935,UNKNOWN
2026-05-10T08:07,0.15943600867679208,UNKNOWN
2026-05-10T08:08,0.059436008676790664,UNKNOWN
2026-05-10T08:09,-0.04056399132320365,UNKNOWN
2026-05-10T08:10,-0.2405639913232065,UNKNOWN
2026-05-10T08:11,-0.44056399132320934,UNKNOWN
2026-05-10T08:12,-0.3405639913232079,UNKNOWN
2026-05-10T08:13,-0.44056399132320934,UNKNOWN
2026-05-10T08:14,-0.44056399132320934,UNKNOWN
2026-05-10T08:15,-0.44056399132320934,UNKNOWN
2026-05-10T08:16,-0.3405639913232079,UNKNOWN
2026-05-10T08:17,-0.44056399132320934,UNKNOWN
2026-05-10T08:18,-0.2405639913232065,UNKNOWN
2026-05-10T08:19,-0.2405639913232065,UNKNOWN
2026-05-10T08:20,-0.3405639913232079,UNKNOWN
2026-05-10T08:21,-0.44056399132320934,UNKNOWN
2026-05-10T08:22,-0.44056399132320934,UNKNOWN
2026-05-10T08:23,-0.3405639913232079,UNKNOWN
2026-05-10T08:24,-0.2405639913232065,UNKNOWN
2026-05-10T08:25,-0.2405639913232065,UNKNOWN
2026-05-10T08:26,-0.14056399132320507,UNKNOWN
2026-05-10T08:27,-0.3405639913232079,UNKNOWN
2026-05-10T08:28,-0.5405639913232037,UNKNOWN
2026-05-10T08:29,-0.5405639913232037,UNKNOWN
2026-05-10T08:30,-0.5405639913232037,UNKNOWN
2026-05-10T08:31,-0.3405639913232079,UNKNOWN
2026-05-10T08:32,-0.2405639913232065,UNKNOWN
2026-05-10T08:33,-0.2405639913232065,UNKNOWN
2026-05-10T08:34,-0.3405639913232079,UNKNOWN
2026-05-10T08:35,-0.44056399132320934,UNKNOWN
2026-05-10T08:36,-0.44056399132320934,UNKNOWN
2026-05-10T08:37,-0.44056399132320934,UNKNOWN
2026-05-10T08:38,-0.5405639913232037,UNKNOWN
2026-05-10T08:39,-0.44056399132320934,UNKNOWN
2026-05-10T08:40,-0.44056399132320934,UNKNOWN
2026-05-10T08:41,-0.5405639913232037,UNKNOWN
2026-05-10T08:42,-0.5405639913232037,UNKNOWN
2026-05-10T08:43,-0.5405639913232037,UNKNOWN
2026-05-10T08:44,-0.5405639913232037,UNKNOWN
2026-05-10T08:45,-0.5405639913232037,UNKNOWN
2026-05-10T08:46,-0.5405639913232037,UNKNOWN
2026-05-10T08:47,-0.5405639913232037,UNKNOWN
2026-05-10T08:48,-0.5405639913232037,UNKNOWN
2026-05-10T08:49,-0.44056399132320934,UNKNOWN
2026-05-10T08:50,-0.44056399132320934,UNKNOWN
2026-05-10T08:51,-0.44056399132320934,UNKNOWN
2026-05-10T08:52,-0.44056399132320934,UNKNOWN
2026-05-10T08:53,-0.44056399132320934,UNKNOWN
2026-05-10T08:54,-0.44056399132320934,UNKNOWN
2026-05-10T08:55,-0.44056399132320934,UNKNOWN
2026-05-10T08:56,-0.44056399132320934,UNKNOWN
2026-05-10T08:57,-0.44056399132320934,UNKNOWN
2026-05-10T08:58,-0.44056399132320934,UNKNOWN
2026-05-10T08:59,-0.44056399132320934,UNKNOWN
2026-05-10T09:00,-0.5405639913232037,UNKNOWN
2026-05-10T09:01,-0.44056399132320934,UNKNOWN
2026-05-10T09:02,-0.6405639913232051,UNKNOWN
2026-05-10T09:03,-0.6405639913232051,UNKNOWN
2026-05-10T09:04,-0.5405639913232037,UNKNOWN
2026-05-10T09:05,-0.6405639913232051,UNKNOWN
2026-05-10T09:06,-0.7405639913232065,UNKNOWN
2026-05-10T09:07,-0.7405639913232065,UNKNOWN
2026-05-10T09:08,-0.7405639913232065,UNKNOWN
2026-05-10T09:09,-0.8405639913232079,UNKNOWN
2026-05-10T09:10,-0.8405639913232079,UNKNOWN
2026-05-10T09:11,-0.8405639913232079,UNKNOWN
2026-05-10T09:12,-0.8405639913232079,UNKNOWN
2026-05-10T09:13,-1.0405639913232037,UNKNOWN
2026-05-10T09:14,-1.340563991323208,UNKNOWN
2026-05-10T09:15,-1.640563991323205,UNKNOWN
2026-05-10T09:16,-1.9405639913232093,UNKNOWN
2026-05-10T09:17,-2.340563991323208,UNKNOWN
2026-05-10T09:18,-2.140563991323205,UNKNOWN
2026-05-10T09:19,-1.0405639913232037,UNKNOWN
2026-05-10T09:20,-0.44056399132320934,UNKNOWN
2026-05-10T09:21,0.3594360086767949,UNKNOWN
2026-05-10T09:22,0.7594360086767935,UNKNOWN
2026-05-10T09:23,0.6594360086767921,UNKNOWN
2026-05-10T09:24,0.5594360086767907,UNKNOWN
2026-05-10T09:25,0.3594360086767949,UNKNOWN
2026-05-10T09:26,0.5594360086767907,UNKNOWN
2026-05-10T09:27,1.159436008676792,UNKNOWN
2026-05-10T09:28,1.659436008676792,UNKNOWN
2026-05-10T09:29,1.5594360086767907,UNKNOWN
2026-05-10T09:30,1.359436008676795,UNKNOWN
2026-05-10T09:31,0.9594360086767963,UNKNOWN
2026-05-10T09:32,0.5594360086767907,UNKNOWN
2026-05-10T09:33,0.45943600867679635,UNKNOWN
2026-05-10T09:34,0.7594360086767935,UNKNOWN
2026-05-10T09:35,0.8594360086767949,UNKNOWN
2026-05-10T09:36,1.0594360086767907,UNKNOWN
2026-05-10T09:37,0.6594360086767921,UNKNOWN
2026-05-10T09:38,-1.5405639913232037,UNKNOWN
2026-05-10T09:39,-2.140563991323205,UNKNOWN
2026-05-10T09:40,-2.540563991323207,UNKNOWN
2026-05-10T09:41,-2.7405639913232065,UNKNOWN
2026-05-10T09:42,-2.940563991323206,UNKNOWN
2026-05-10T09:43,-3.340563991323208,UNKNOWN
2026-05-10T09:44,-3.540563991323207,UNKNOWN
2026-05-10T09:45,-3.840563991323208,UNKNOWN
2026-05-10T09:46,-4.340563991323208,UNKNOWN
2026-05-10T09:47,-4.540563991323207,UNKNOWN
2026-05-10T09:48,-4.640563991323205,UNKNOWN
2026-05-10T09:49,-4.7405639913232065,UNKNOWN
2026-05-10T09:50,-4.840563991323208,UNKNOWN
2026-05-10T09:51,-5.040563991323207,UNKNOWN
2026-05-10T09:52,-5.2405639913232065,UNKNOWN
2026-05-10T09:53,-5.340563991323208,UNKNOWN
2026-05-10T09:54,-5.340563991323208,UNKNOWN
2026-05-10T09:55,-5.440563991323206,UNKNOWN
2026-05-10T09:56,-5.540563991323207,UNKNOWN
2026-05-10T09:57,-5.640563991323205,UNKNOWN
2026-05-10T09:58,-5.7405639913232065,UNKNOWN
2026-05-10T09:59,-5.7405639913232065,UNKNOWN
2026-05-10T10:00,-5.840563991323208,UNKNOWN
2026-05-10T10:01,-6.040563991323207,UNKNOWN
2026-05-10T10:02,-6.040563991323207,UNKNOWN
2026-05-10T10:03,-6.2405639913232065,UNKNOWN
2026-05-10T10:04,-6.2405639913232065,UNKNOWN
2026-05-10T10:05,-6.140563991323205,UNKNOWN
2026-05-10T10:06,-6.140563991323205,UNKNOWN
2026-05-10T10:07,-6.140563991323205,UNKNOWN
2026-05-10T10:08,-6.040563991323207,UNKNOWN
2026-05-10T10:09,-6.140563991323205,UNKNOWN
2026-05-10T10:10,-6.040563991323207,UNKNOWN
2026-05-10T10:11,-6.040563991323207,UNKNOWN
2026-05-10T10:12,-6.040563991323207,UNKNOWN
2026-05-10T10:13,-6.140563991323205,UNKNOWN
2026-05-10T10:14,-6.140563991323205,UNKNOWN
2026-05-10T10:15,-6.140563991323205,UNKNOWN
2026-05-10T10:16,-6.140563991323205,UNKNOWN
2026-05-10T10:17,-6.340563991323208,UNKNOWN
2026-05-10T10:18,-6.340563991323208,UNKNOWN
2026-05-10T10:19,-6.440563991323206,UNKNOWN
2026-05-10T10:20,-6.440563991323206,UNKNOWN
2026-05-10T10:21,-6.540563991323207,UNKNOWN
2026-05-10T10:22,-6.440563991323206,UNKNOWN
2026-05-10T10:23,-6.540563991323207,UNKNOWN
2026-05-10T10:24,-6.540563991323207,UNKNOWN
2026-05-10T10:25,-6.540563991323207,UNKNOWN
2026-05-10T10:26,-6.540563991323207,UNKNOWN
2026-05-10T10:27,-6.640563991323205,UNKNOWN
2026-05-10T10:28,-6.540563991323207,UNKNOWN
2026-05-10T10:29,-6.540563991323207,UNKNOWN
2026-05-10T10:30,-6.540563991323207,UNKNOWN
2026-05-10T10:31,-6.440563991323206,UNKNOWN
2026-05-10T10:32,-6.540563991323207,UNKNOWN
2026-05-10T10:33,-6.540563991323207,UNKNOWN
2026-05-10T10:34,-6.640563991323205,UNKNOWN
2026-05-10T10:35,-6.640563991323205,UNKNOWN
2026-05-10T10:36,-6.7405639913232065,UNKNOWN
2026-05-10T10:37,-6.840563991323208,UNKNOWN
2026-05-10T10:38,-6.940563991323206,UNKNOWN
2026-05-10T10:39,-6.940563991323206,UNKNOWN
2026-05-10T10:40,-7.040563991323207,UNKNOWN
2026-05-10T10:41,-7.040563991323207,UNKNOWN
2026-05-10T10:42,-6.940563991323206,UNKNOWN
2026-05-10T10:43,-7.040563991323207,UNKNOWN
2026-05-10T10:44,-6.940563991323206,UNKNOWN
2026-05-10T10:45,-6.840563991323208,UNKNOWN
2026-05-10T10:46,-6.840563991323208,UNKNOWN
2026-05-10T10:47,-6.840563991323208,UNKNOWN
2026-05-10T10:48,-6.840563991323208,UNKNOWN
2026-05-10T10:49,-6.840563991323208,UNKNOWN
2026-05-10T10:50,-6.840563991323208,UNKNOWN
2026-05-10T10:51,-6.840563991323208,UNKNOWN
2026-05-10T10:52,-6.840563991323208,UNKNOWN
2026-05-10T10:53,-6.840563991323208,UNKNOWN
2026-05-10T10:54,-6.840563991323208,UNKNOWN
2026-05-10T10:55,-6.840563991323208,UNKNOWN
2026-05-10T10:56,-6.840563991323208,UNKNOWN
2026-05-10T10:57,-6.7405639913232065,UNKNOWN
2026-05-10T10:58,-6.7405639913232065,UNKNOWN
2026-05-10T10:59,-6.7405639913232065,UNKNOWN
2026-05-10T11:00,-6.640563991323205,UNKNOWN
2026-05-10T11:01,-6.640563991323205,UNKNOWN
2026-05-10T11:02,-6.540563991323207,UNKNOWN
2026-05-10T11:03,-6.540563991323207,UNKNOWN
2026-05-10T11:04,-6.440563991323206,UNKNOWN
2026-05-10T11:05,-6.540563991323207,UNKNOWN
2026-05-10T11:06,-6.540563991323207,UNKNOWN
2026-05-10T11:07,-6.540563991323207,UNKNOWN
2026-05-10T11:08,-6.540563991323207,UNKNOWN
2026-05-10T11:09,-6.540563991323207,UNKNOWN
2026-05-10T11:10,-6.440563991323206,UNKNOWN
2026-05-10T11:11,-6.440563991323206,UNKNOWN
2026-05-10T11:12,-6.440563991323206,UNKNOWN
2026-05-10T11:13,-6.340563991323208,UNKNOWN
2026-05-10T11:14,-6.340563991323208,UNKNOWN
2026-05-10T11:15,-6.340563991323208,UNKNOWN
2026-05-10T11:16,-6.340563991323208,UNKNOWN
2026-05-10T11:17,-6.340563991323208,UNKNOWN
2026-05-10T11:18,-6.140563991323205,UNKNOWN
2026-05-10T11:19,-6.040563991323207,UNKNOWN
2026-05-10T11:20,-5.7405639913232065,UNKNOWN
2026-05-10T11:21,-5.540563991323207,UNKNOWN
2026-05-10T11:22,-5.2405639913232065,UNKNOWN
2026-05-10T11:23,-4.940563991323206,UNKNOWN
2026-05-10T11:24,-4.7405639913232065,UNKNOWN
2026-05-10T11:25,-4.540563991323207,UNKNOWN
2026-05-10T11:26,-4.540563991323207,UNKNOWN
2026-05-10T11:27,-4.540563991323207,UNKNOWN
2026-05-10T11:28,-4.7405639913232065,UNKNOWN
2026-05-10T11:29,-4.840563991323208,UNKNOWN
2026-05-10T11:30,-4.840563991323208,UNKNOWN
2026-05-10T11:31,-4.840563991323208,UNKNOWN
2026-05-10T11:32,-5.040563991323207,UNKNOWN
2026-05-10T11:33,-4.940563991323206,UNKNOWN
2026-05-10T11:34,-4.640563991323205,UNKNOWN
2026-05-10T11:35,-4.340563991323208,UNKNOWN
2026-05-10T11:36,-4.2405639913232065,UNKNOWN
2026-05-10T11:37,-4.2405639913232065,UNKNOWN
2026-05-10T11:38,-4.540563991323207,UNKNOWN
2026-05-10T11:39,-4.7405639913232065,UNKNOWN
2026-05-10T11:40,-5.040563991323207,UNKNOWN
2026-05-10T11:41,-5.340563991323208,UNKNOWN
2026-05-10T11:42,-5.840563991323208,UNKNOWN
2026-05-10T11:43,-6.2405639913232065,UNKNOWN
2026-05-10T11:44,-6.640563991323205,UNKNOWN
2026-05-10T11:45,-7.140563991323205,UNKNOWN
2026-05-10T11:46,-6.140563991323205,UNKNOWN
2026-05-10T11:47,-6.040563991323207,UNKNOWN
2026-05-10T11:48,-6.140563991323205,UNKNOWN
2026-05-10T11:49,-6.340563991323208,UNKNOWN
2026-05-10T11:50,-6.540563991323207,UNKNOWN
2026-05-10T11:51,-6.640563991323205,UNKNOWN
2026-05-10T11:52,-6.840563991323208,UNKNOWN
2026-05-10T11:53,-6.940563991323206,UNKNOWN
2026-05-10T11:54,-6.940563991323206,UNKNOWN
2026-05-10T11:55,-6.940563991323206,UNKNOWN
2026-05-10T11:56,-7.040563991323207,UNKNOWN
2026-05-10T11:57,-7.140563991323205,UNKNOWN
2026-05-10T11:58,-7.2405639913232065,UNKNOWN
2026-05-10T11:59,-7.340563991323208,UNKNOWN
2026-05-10T12:00,-7.440563991323206,UNKNOWN
2026-05-10T12:01,-7.640563991323205,UNKNOWN
2026-05-10T12:02,-7.640563991323205,UNKNOWN
2026-05-10T12:03,-7.540563991323207,UNKNOWN
2026-05-10T12:04,-7.540563991323207,UNKNOWN
2026-05-10T12:05,-7.640563991323205,UNKNOWN
2026-05-10T12:06,-7.940563991323206,UNKNOWN
2026-05-10T12:07,-8.140563991323205,UNKNOWN
2026-05-10T12:08,-8.240563991323206,UNKNOWN
2026-05-10T12:09,-8.440563991323206,UNKNOWN
2026-05-10T12:10,-8.440563991323206,UNKNOWN
2026-05-10T12:11,-8.640563991323205,UNKNOWN
2026-05-10T12:12,-8.840563991323208,UNKNOWN
2026-05-10T12:13,-8.840563991323208,UNKNOWN
2026-05-10T12:14,-9.040563991323207,UNKNOWN
2026-05-10T12:15,-9.140563991323205,UNKNOWN
2026-05-10T12:33,-9.140563991323205,UNKNOWN
2026-05-10T12:34,-8.840563991323208,UNKNOWN
2026-05-10T12:35,-8.540563991323207,UNKNOWN
2026-05-10T12:36,-8.140563991323205,UNKNOWN
2026-05-10T12:37,-7.7405639913232065,UNKNOWN
2026-05-10T12:38,-7.2405639913232065,UNKNOWN
2026-05-10T12:39,-6.7405639913232065,UNKNOWN
2026-05-10T12:40,-6.440563991323206,UNKNOWN
2026-05-10T12:41,-6.140563991323205,UNKNOWN
2026-05-10T12:42,-5.640563991323205,UNKNOWN
2026-05-10T12:43,-4.940563991323206,UNKNOWN
2026-05-10T12:44,-4.640563991323205,UNKNOWN
2026-05-10T12:45,-4.440563991323206,UNKNOWN
2026-05-10T12:46,-4.440563991323206,UNKNOWN
2026-05-10T12:47,-4.440563991323206,UNKNOWN
2026-05-10T12:48,-4.440563991323206,UNKNOWN
2026-05-10T12:49,-4.340563991323208,UNKNOWN
2026-05-10T12:50,-4.2405639913232065,UNKNOWN
2026-05-10T12:51,-3.940563991323206,UNKNOWN
2026-05-10T12:52,-3.940563991323206,UNKNOWN
2026-05-10T12:53,-3.940563991323206,UNKNOWN
2026-05-10T12:54,-4.140563991323205,UNKNOWN
2026-05-10T12:55,-4.440563991323206,UNKNOWN
2026-05-10T12:56,-4.540563991323207,UNKNOWN
2026-05-10T12:57,-4.640563991323205,UNKNOWN
2026-05-10T12:58,-4.7405639913232065,UNKNOWN
2026-05-10T12:59,-4.840563991323208,UNKNOWN
2026-05-10T13:00,-4.840563991323208,UNKNOWN
2026-05-10T13:01,-4.940563991323206,UNKNOWN
2026-05-10T13:02,-4.940563991323206,UNKNOWN
2026-05-10T13:03,-5.140563991323205,UNKNOWN
2026-05-10T13:04,-5.2405639913232065,UNKNOWN
2026-05-10T13:05,-5.2405639913232065,UNKNOWN
2026-05-10T13:06,-5.2405639913232065,UNKNOWN
2026-05-10T13:07,-5.2405639913232065,UNKNOWN
2026-05-10T13:08,-5.340563991323208,UNKNOWN
2026-05-10T13:09,-5.340563991323208,UNKNOWN
2026-05-10T13:10,-5.440563991323206,UNKNOWN
2026-05-10T13:11,-5.540563991323207,UNKNOWN
2026-05-10T13:12,-5.640563991323205,UNKNOWN
2026-05-10T13:13,-5.7405639913232065,UNKNOWN
2026-05-10T13:14,-5.7405639913232065,UNKNOWN
2026-05-10T13:15,-5.7405639913232065,UNKNOWN
2026-05-10T13:16,-5.7405639913232065,UNKNOWN
2026-05-10T13:17,-5.7405639913232065,UNKNOWN
2026-05-10T13:18,-5.7405639913232065,UNKNOWN
2026-05-10T13:19,-5.7405639913232065,UNKNOWN
2026-05-10T13:20,-5.7405639913232065,UNKNOWN
2026-05-10T13:21,-5.640563991323205,UNKNOWN
2026-05-10T13:22,-5.640563991323205,UNKNOWN
2026-05-10T13:23,-5.540563991323207,UNKNOWN
2026-05-10T13:24,-5.540563991323207,UNKNOWN
2026-05-10T13:25,-5.340563991323208,UNKNOWN
2026-05-10T13:26,-5.440563991323206,UNKNOWN
2026-05-10T13:27,-5.2405639913232065,UNKNOWN
2026-05-10T13:28,-5.2405639913232065,UNKNOWN
2026-05-10T13:29,-5.340563991323208,UNKNOWN
2026-05-10T13:30,-5.340563991323208,UNKNOWN
2026-05-10T13:31,-5.340563991323208,UNKNOWN
2026-05-10T13:32,-5.340563991323208,UNKNOWN
2026-05-10T13:33,-5.440563991323206,UNKNOWN
2026-05-10T13:34,-5.440563991323206,UNKNOWN
2026-05-10T13:35,-5.340563991323208,UNKNOWN
2026-05-10T13:36,-5.340563991323208,UNKNOWN
2026-05-10T13:37,-5.340563991323208,UNKNOWN
2026-05-10T13:38,-5.2405639913232065,UNKNOWN
2026-05-10T13:39,-5.2405639913232065,UNKNOWN
2026-05-10T13:40,-5.340563991323208,UNKNOWN
2026-05-10T13:41,-5.2405639913232065,UNKNOWN
2026-05-10T13:42,-4.940563991323206,UNKNOWN
2026-05-10T13:43,-4.540563991323207,UNKNOWN
2026-05-10T13:44,-4.2405639913232065,UNKNOWN
2026-05-10T13:45,-4.140563991323205,UNKNOWN
2026-05-10T13:46,-4.140563991323205,UNKNOWN
2026-05-10T13:47,-3.940563991323206,UNKNOWN
2026-05-10T13:48,-3.640563991323205,UNKNOWN
2026-05-10T13:49,-3.340563991323208,UNKNOWN
2026-05-10T13:50,-3.340563991323208,UNKNOWN
2026-05-10T13:51,-3.540563991323207,UNKNOWN
2026-05-10T13:52,-3.340563991323208,UNKNOWN
2026-05-10T13:53,-2.940563991323206,UNKNOWN
2026-05-10T13:54,-2.540563991323207,UNKNOWN
2026-05-10T13:55,-2.540563991323207,UNKNOWN
2026-05-10T13:56,-2.540563991323207,UNKNOWN
2026-05-10T13:57,-2.340563991323208,UNKNOWN
2026-05-10T13:58,-1.7405639913232065,UNKNOWN
2026-05-10T13:59,-1.640563991323205,UNKNOWN
2026-05-10T14:00,-1.7405639913232065,UNKNOWN
2026-05-10T14:01,-1.7405639913232065,UNKNOWN
2026-05-10T14:02,-1.840563991323208,UNKNOWN
2026-05-10T14:03,-1.840563991323208,UNKNOWN
2026-05-10T14:04,-1.7405639913232065,UNKNOWN
2026-05-10T14:05,-1.5405639913232037,UNKNOWN
2026-05-10T14:06,-1.640563991323205,UNKNOWN
2026-05-10T14:07,-1.640563991323205,UNKNOWN
2026-05-10T14:08,-1.5405639913232037,UNKNOWN
2026-05-10T14:09,-1.5405639913232037,UNKNOWN
2026-05-10T14:10,-1.640563991323205,UNKNOWN
2026-05-10T14:11,-1.7405639913232065,UNKNOWN
2026-05-10T14:12,-1.9405639913232093,UNKNOWN
2026-05-10T14:13,-2.140563991323205,UNKNOWN
2026-05-10T14:14,-2.140563991323205,UNKNOWN
2026-05-10T14:15,-1.9405639913232093,UNKNOWN
2026-05-10T14:16,-1.9405639913232093,UNKNOWN
2026-05-10T14:17,-1.840563991323208,UNKNOWN
2026-05-10T14:18,-1.640563991323205,UNKNOWN
2026-05-10T14:19,-1.5405639913232037,UNKNOWN
2026-05-10T14:20,-1.5405639913232037,UNKNOWN
2026-05-10T14:21,-1.4405639913232093,UNKNOWN
2026-05-10T14:22,-1.4405639913232093,UNKNOWN
2026-05-10T14:23,-1.4405639913232093,UNKNOWN
2026-05-10T14:24,-1.5405639913232037,UNKNOWN
2026-05-10T14:25,-1.5405639913232037,UNKNOWN
2026-05-10T14:26,-1.2405639913232065,UNKNOWN
2026-05-10T14:27,-1.2405639913232065,UNKNOWN
2026-05-10T14:28,-1.2405639913232065,UNKNOWN
2026-05-10T14:29,-1.340563991323208,UNKNOWN
2026-05-10T14:30,-1.4405639913232093,UNKNOWN
2026-05-10T14:31,-1.4405639913232093,UNKNOWN
2026-05-10T14:32,-1.140563991323205,UNKNOWN
2026-05-10T14:33,-0.9405639913232093,UNKNOWN
2026-05-10T14:34,-0.7405639913232065,UNKNOWN
2026-05-10T14:35,-0.5405639913232037,UNKNOWN
2026-05-10T14:36,-0.3405639913232079,UNKNOWN
2026-05-10T14:37,-0.5405639913232037,UNKNOWN
2026-05-10T14:38,-0.8405639913232079,UNKNOWN
2026-05-10T14:39,-0.8405639913232079,UNKNOWN
2026-05-10T14:40,-0.7405639913232065,UNKNOWN
2026-05-10T14:41,-0.5405639913232037,UNKNOWN
2026-05-10T14:42,-0.3405639913232079,UNKNOWN
2026-05-10T14:43,-0.3405639913232079,UNKNOWN
2026-05-10T14:44,-0.5405639913232037,UNKNOWN
2026-05-10T14:45,-0.5405639913232037,UNKNOWN
2026-05-10T14:46,-0.44056399132320934,UNKNOWN
2026-05-10T14:47,-0.5405639913232037,UNKNOWN
2026-05-10T14:48,-0.9405639913232093,UNKNOWN
2026-05-10T14:49,-1.4405639913232093,UNKNOWN
2026-05-10T14:50,-1.840563991323208,UNKNOWN
2026-05-10T14:51,-2.0405639913232037,UNKNOWN
2026-05-10T14:52,-2.2405639913232065,UNKNOWN
2026-05-10T14:53,-2.140563991323205,UNKNOWN
2026-05-10T14:54,-1.9405639913232093,UNKNOWN
2026-05-10T14:55,-1.840563991323208,UNKNOWN
2026-05-10T14:56,-1.9405639913232093,UNKNOWN
2026-05-10T14:57,-2.140563991323205,UNKNOWN
2026-05-10T14:58,-2.540563991323207,UNKNOWN
2026-05-10T14:59,-2.840563991323208,UNKNOWN
2026-05-10T15:00,-3.040563991323207,UNKNOWN
2026-05-10T15:01,-3.340563991323208,UNKNOWN
2026-05-10T15:02,-3.2405639913232065,UNKNOWN
2026-05-10T15:03,-3.2405639913232065,UNKNOWN
2026-05-10T15:04,-3.2405639913232065,UNKNOWN
2026-05-10T15:05,-3.440563991323206,UNKNOWN
2026-05-10T15:06,-3.640563991323205,UNKNOWN
2026-05-10T15:07,-3.640563991323205,UNKNOWN
2026-05-10T15:08,-3.7405639913232065,UNKNOWN
2026-05-10T15:09,-3.840563991323208,UNKNOWN
2026-05-10T15:10,-3.940563991323206,UNKNOWN
2026-05-10T15:11,-4.140563991323205,UNKNOWN
2026-05-10T15:12,-4.2405639913232065,UNKNOWN
2026-05-10T15:13,-4.440563991323206,UNKNOWN
2026-05-10T15:14,-4.540563991323207,UNKNOWN
2026-05-10T15:15,-4.540563991323207,UNKNOWN
2026-05-10T15:16,-4.540563991323207,UNKNOWN
2026-05-10T15:17,-4.440563991323206,UNKNOWN
2026-05-10T15:18,-4.540563991323207,UNKNOWN
2026-05-10T15:19,-4.640563991323205,UNKNOWN
2026-05-10T15:20,-4.840563991323208,UNKNOWN
2026-05-10T15:21,-5.040563991323207,UNKNOWN
2026-05-10T15:22,-5.040563991323207,UNKNOWN
2026-05-10T15:23,-5.040563991323207,UNKNOWN
2026-05-10T15:24,-5.040563991323207,UNKNOWN
2026-05-10T15:25,-5.040563991323207,UNKNOWN
2026-05-10T15:26,-5.040563991323207,UNKNOWN
2026-05-10T15:27,-5.040563991323207,UNKNOWN
2026-05-10T15:28,-5.140563991323205,UNKNOWN
2026-05-10T15:29,-5.140563991323205,UNKNOWN
2026-05-10T15:30,-5.140563991323205,UNKNOWN
2026-05-10T15:31,-5.140563991323205,UNKNOWN
2026-05-10T15:32,-5.140563991323205,UNKNOWN
2026-05-10T15:33,-5.140563991323205,UNKNOWN
2026-05-10T15:34,-5.040563991323207,UNKNOWN
2026-05-10T15:35,-4.940563991323206,UNKNOWN
2026-05-10T15:36,-4.940563991323206,UNKNOWN
2026-05-10T15:37,-4.940563991323206,UNKNOWN
2026-05-10T15:38,-4.840563991323208,UNKNOWN
2026-05-10T15:39,-4.840563991323208,UNKNOWN
2026-05-10T15:40,-4.7405639913232065,UNKNOWN
2026-05-10T15:41,-4.7405639913232065,UNKNOWN
2026-05-10T15:42,-4.7405639913232065,UNKNOWN
2026-05-10T15:43,-4.7405639913232065,UNKNOWN
2026-05-10T15:44,-4.7405639913232065,UNKNOWN
2026-05-10T15:45,-4.640563991323205,UNKNOWN
2026-05-10T15:46,-4.640563991323205,UNKNOWN
2026-05-10T15:47,-4.640563991323205,UNKNOWN
2026-05-10T15:48,-4.540563991323207,UNKNOWN
2026-05-10T15:49,-4.640563991323205,UNKNOWN
2026-05-10T15:50,-4.440563991323206,UNKNOWN
2026-05-10T15:51,-4.340563991323208,UNKNOWN
2026-05-10T15:52,-4.2405639913232065,UNKNOWN
2026-05-10T15:53,-4.2405639913232065,UNKNOWN
2026-05-10T15:54,-4.340563991323208,UNKNOWN
2026-05-10T15:55,-4.2405639913232065,UNKNOWN
2026-05-10T15:56,-4.140563991323205,UNKNOWN
2026-05-10T15:57,-4.140563991323205,UNKNOWN
2026-05-10T15:58,-4.140563991323205,UNKNOWN
2026-05-10T15:59,-4.2405639913232065,UNKNOWN
2026-05-10T16:00,-4.140563991323205,UNKNOWN
2026-05-10T16:01,-4.140563991323205,UNKNOWN
2026-05-10T16:02,-3.340563991323208,UNKNOWN
2026-05-10T16:03,-2.2405639913232065,UNKNOWN
2026-05-10T16:04,-1.140563991323205,UNKNOWN
2026-05-10T16:05,0.059436008676790664,UNKNOWN
2026-05-10T16:06,0.8594360086767949,UNKNOWN
2026-05-10T16:07,1.9594360086767963,UNKNOWN
2026-05-10T16:08,2.659436008676792,UNKNOWN
2026-05-10T16:09,3.0594360086767907,UNKNOWN
2026-05-10T16:10,3.2594360086767935,UNKNOWN
2026-05-10T16:11,3.7594360086767935,UNKNOWN
2026-05-10T16:12,3.7594360086767935,UNKNOWN
2026-05-10T16:13,3.859436008676795,UNKNOWN
2026-05-10T16:14,3.7594360086767935,UNKNOWN
2026-05-10T16:15,3.859436008676795,UNKNOWN
2026-05-10T16:16,3.7594360086767935,UNKNOWN
2026-05-10T16:17,3.859436008676795,UNKNOWN
2026-05-10T16:18,4.059436008676791,UNKNOWN
2026-05-10T16:19,4.059436008676791,UNKNOWN
2026-05-10T16:20,4.059436008676791,UNKNOWN
2026-05-10T16:21,4.059436008676791,UNKNOWN
2026-05-10T16:22,4.059436008676791,UNKNOWN
2026-05-10T16:23,3.9594360086767963,UNKNOWN
2026-05-10T16:24,3.7594360086767935,UNKNOWN
2026-05-10T16:25,3.5594360086767907,UNKNOWN
2026-05-10T16:26,2.859436008676795,UNKNOWN
2026-05-10T16:27,2.159436008676792,UNKNOWN
2026-05-10T16:28,1.659436008676792,UNKNOWN
2026-05-10T16:29,1.0594360086767907,UNKNOWN
2026-05-10T16:30,0.6594360086767921,UNKNOWN
2026-05-10T16:31,0.5594360086767907,UNKNOWN
2026-05-10T16:32,0.45943600867679635,UNKNOWN
2026-05-10T16:33,0.3594360086767949,UNKNOWN
2026-05-10T16:34,0.059436008676790664,UNKNOWN
2026-05-10T16:35,-0.14056399132320507,UNKNOWN
2026-05-10T16:36,-0.2405639913232065,UNKNOWN
2026-05-10T16:37,-0.44056399132320934,UNKNOWN
2026-05-10T16:38,-0.7405639913232065,UNKNOWN
2026-05-10T16:39,-0.9405639913232093,UNKNOWN
2026-05-10T16:40,-1.0405639913232037,UNKNOWN
2026-05-10T16:41,-1.140563991323205,UNKNOWN
2026-05-10T16:42,-1.0405639913232037,UNKNOWN
2026-05-10T16:43,-1.140563991323205,UNKNOWN
2026-05-10T16:44,-1.140563991323205,UNKNOWN
2026-05-10T16:45,-1.2405639913232065,UNKNOWN
2026-05-10T16:46,-1.340563991323208,UNKNOWN
2026-05-10T16:47,-1.4405639913232093,UNKNOWN
2026-05-10T16:48,-1.4405639913232093,UNKNOWN
2026-05-10T16:49,-1.5405639913232037,UNKNOWN
2026-05-10T16:50,-1.640563991323205,UNKNOWN
2026-05-10T16:51,-1.640563991323205,UNKNOWN
2026-05-10T16:52,-1.7405639913232065,UNKNOWN
2026-05-10T16:53,-1.640563991323205,UNKNOWN
2026-05-10T16:54,-1.640563991323205,UNKNOWN
2026-05-10T16:55,-1.640563991323205,UNKNOWN
2026-05-10T16:56,-1.7405639913232065,UNKNOWN
2026-05-10T16:57,-1.7405639913232065,UNKNOWN
2026-05-10T16:58,-1.640563991323205,UNKNOWN
2026-05-10T16:59,-1.640563991323205,UNKNOWN
2026-05-10T17:00,-1.5405639913232037,UNKNOWN
2026-05-10T17:01,-1.4405639913232093,UNKNOWN
2026-05-10T17:02,-1.4405639913232093,UNKNOWN
2026-05-10T17:03,-1.5405639913232037,UNKNOWN
2026-05-10T17:04,-1.5405639913232037,UNKNOWN
2026-05-10T17:05,-1.4405639913232093,UNKNOWN
2026-05-10T17:06,-1.4405639913232093,UNKNOWN
2026-05-10T17:07,-1.4405639913232093,UNKNOWN
2026-05-10T17:08,-1.4405639913232093,UNKNOWN
2026-05-10T17:09,-1.4405639913232093,UNKNOWN
2026-05-10T17:10,-1.4405639913232093,UNKNOWN
2026-05-10T17:11,-1.4405639913232093,UNKNOWN
2026-05-10T17:12,-1.340563991323208,UNKNOWN
2026-05-10T17:13,-1.340563991323208,UNKNOWN
2026-05-10T17:14,-1.4405639913232093,UNKNOWN
2026-05-10T17:15,-1.5405639913232037,UNKNOWN
2026-05-10T17:16,-1.7405639913232065,UNKNOWN
2026-05-10T17:17,-1.640563991323205,UNKNOWN
2026-05-10T17:18,-1.4405639913232093,UNKNOWN
2026-05-10T17:19,-1.340563991323208,UNKNOWN
2026-05-10T17:20,-1.2405639913232065,UNKNOWN
2026-05-10T17:21,-1.140563991323205,UNKNOWN
2026-05-10T17:22,-0.9405639913232093,UNKNOWN
2026-05-10T17:24,-0.8405639913232079,UNKNOWN
2026-05-10T17:25,-1.0405639913232037,UNKNOWN
2026-05-10T17:26,-1.140563991323205,UNKNOWN
2026-05-10T17:27,-1.4405639913232093,UNKNOWN
2026-05-10T17:28,-1.640563991323205,UNKNOWN
2026-05-10T17:29,-1.7405639913232065,UNKNOWN
2026-05-10T17:30,-1.9405639913232093,UNKNOWN
2026-05-10T17:31,-2.0405639913232037,UNKNOWN
2026-05-10T17:32,-2.140563991323205,UNKNOWN
2026-05-10T17:33,-2.2405639913232065,UNKNOWN
2026-05-10T17:34,-2.340563991323208,UNKNOWN
2026-05-10T17:35,-2.440563991323206,UNKNOWN
2026-05-10T17:36,-2.440563991323206,UNKNOWN
2026-05-10T17:37,-2.340563991323208,UNKNOWN
2026-05-10T17:38,-2.340563991323208,UNKNOWN
2026-05-10T17:39,-2.2405639913232065,UNKNOWN
2026-05-10T17:40,-2.140563991323205,UNKNOWN
2026-05-10T17:41,-2.0405639913232037,UNKNOWN
2026-05-10T17:42,-1.9405639913232093,UNKNOWN
2026-05-10T17:43,-1.9405639913232093,UNKNOWN
2026-05-10T17:44,-1.9405639913232093,UNKNOWN
2026-05-10T17:45,-1.9405639913232093,UNKNOWN
2026-05-10T17:46,-1.9405639913232093,UNKNOWN
2026-05-10T17:47,-1.840563991323208,UNKNOWN
2026-05-10T17:48,-1.9405639913232093,UNKNOWN
2026-05-10T17:49,-1.9405639913232093,UNKNOWN
2026-05-10T17:50,-1.9405639913232093,UNKNOWN
2026-05-10T17:51,-1.840563991323208,UNKNOWN
2026-05-10T17:52,-1.840563991323208,UNKNOWN
2026-05-10T17:53,-1.840563991323208,UNKNOWN
2026-05-10T17:55,-1.840563991323208,UNKNOWN
2026-05-10T17:56,-1.840563991323208,UNKNOWN
2026-05-10T17:57,-1.840563991323208,UNKNOWN
2026-05-10T17:58,-1.9405639913232093,UNKNOWN
2026-05-10T17:59,-1.9405639913232093,UNKNOWN
2026-05-10T18:00,-2.0405639913232037,UNKNOWN
2026-05-10T18:01,-2.0405639913232037,UNKNOWN
2026-05-10T18:02,-2.540563991323207,UNKNOWN
2026-05-10T18:03,-2.440563991323206,UNKNOWN
2026-05-10T18:04,-2.340563991323208,UNKNOWN
2026-05-10T18:05,-2.540563991323207,UNKNOWN
2026-05-10T18:06,-2.7405639913232065,UNKNOWN
2026-05-10T18:07,-3.2405639913232065,UNKNOWN
2026-05-10T18:08,-3.340563991323208,UNKNOWN
2026-05-10T18:09,-3.440563991323206,UNKNOWN
2026-05-10T18:10,-3.640563991323205,UNKNOWN
2026-05-10T18:11,-3.7405639913232065,UNKNOWN
2026-05-10T18:12,-3.940563991323206,UNKNOWN
2026-05-10T18:13,-4.140563991323205,UNKNOWN
2026-05-10T18:14,-4.340563991323208,UNKNOWN
2026-05-10T18:15,-4.440563991323206,UNKNOWN
2026-05-10T18:16,-4.7405639913232065,UNKNOWN
2026-05-10T18:17,-4.940563991323206,UNKNOWN
2026-05-10T18:18,-5.140563991323205,UNKNOWN
2026-05-10T18:19,-5.140563991323205,UNKNOWN
2026-05-10T18:20,-5.340563991323208,UNKNOWN
2026-05-10T18:21,-5.540563991323207,UNKNOWN
2026-05-10T18:22,-5.640563991323205,UNKNOWN
2026-05-10T18:23,-5.540563991323207,UNKNOWN
2026-05-10T18:24,-5.340563991323208,UNKNOWN
2026-05-10T18:25,-5.2405639913232065,UNKNOWN
2026-05-10T18:26,-5.040563991323207,UNKNOWN
2026-05-10T18:27,-4.840563991323208,UNKNOWN
2026-05-10T18:28,-4.840563991323208,UNKNOWN
2026-05-10T18:29,-4.940563991323206,UNKNOWN
2026-05-10T18:30,-4.840563991323208,UNKNOWN
2026-05-10T18:31,-4.7405639913232065,UNKNOWN
2026-05-10T18:32,-4.7405639913232065,UNKNOWN
2026-05-10T18:33,-4.840563991323208,UNKNOWN
2026-05-10T18:34,-5.040563991323207,UNKNOWN
2026-05-10T18:35,-5.2405639913232065,UNKNOWN
2026-05-10T18:36,-5.2405639913232065,UNKNOWN
2026-05-10T18:37,-5.2405639913232065,UNKNOWN
2026-05-10T18:38,-5.2405639913232065,UNKNOWN
2026-05-10T18:39,-5.2405639913232065,UNKNOWN
2026-05-10T18:40,-5.040563991323207,UNKNOWN
2026-05-10T18:41,-5.140563991323205,UNKNOWN
2026-05-10T18:42,-5.140563991323205,UNKNOWN
2026-05-10T18:43,-5.140563991323205,UNKNOWN
2026-05-10T18:44,-5.2405639913232065,UNKNOWN
2026-05-10T18:45,-5.340563991323208,UNKNOWN
2026-05-10T18:46,-5.440563991323206,UNKNOWN
2026-05-10T18:47,-5.440563991323206,UNKNOWN
2026-05-10T18:48,-5.440563991323206,UNKNOWN
2026-05-10T18:49,-5.440563991323206,UNKNOWN
2026-05-10T18:50,-5.440563991323206,UNKNOWN
2026-05-10T18:51,-5.540563991323207,UNKNOWN
2026-05-10T18:52,-5.640563991323205,UNKNOWN
2026-05-10T18:53,-5.640563991323205,UNKNOWN
2026-05-10T18:54,-5.640563991323205,UNKNOWN
2026-05-10T18:55,-5.540563991323207,UNKNOWN
2026-05-10T18:56,-5.7405639913232065,UNKNOWN
2026-05-10T18:57,-6.040563991323207,UNKNOWN
2026-05-10T18:58,-6.340563991323208,UNKNOWN
2026-05-10T18:59,-6.7405639913232065,UNKNOWN
2026-05-10T19:00,-7.140563991323205,UNKNOWN
2026-05-10T19:01,-7.440563991323206,UNKNOWN
2026-05-10T19:02,-7.840563991323208,UNKNOWN
2026-05-10T19:03,-8.040563991323207,UNKNOWN
2026-05-10T19:04,-8.240563991323206,UNKNOWN
2026-05-10T19:05,-8.440563991323206,UNKNOWN
2026-05-10T19:06,-8.440563991323206,UNKNOWN
2026-05-10T19:07,-8.340563991323208,UNKNOWN
2026-05-10T19:08,-8.040563991323207,UNKNOWN
2026-05-10T19:09,-7.7405639913232065,UNKNOWN
2026-05-10T19:11,-7.440563991323206,UNKNOWN
2026-05-10T19:12,-7.2405639913232065,UNKNOWN
2026-05-10T19:13,-6.940563991323206,UNKNOWN
2026-05-10T19:14,-6.840563991323208,UNKNOWN
2026-05-10T19:15,-6.7405639913232065,UNKNOWN
2026-05-10T19:16,-6.7405639913232065,UNKNOWN
2026-05-10T19:17,-6.340563991323208,UNKNOWN
2026-05-10T19:18,-6.2405639913232065,UNKNOWN
2026-05-10T19:19,-6.340563991323208,UNKNOWN
2026-05-10T19:20,-6.2405639913232065,UNKNOWN
2026-05-10T19:21,-6.2405639913232065,UNKNOWN
2026-05-10T19:22,-6.140563991323205,UNKNOWN
2026-05-10T19:23,-6.140563991323205,UNKNOWN
2026-05-10T19:24,-6.140563991323205,UNKNOWN
2026-05-10T19:25,-6.140563991323205,UNKNOWN
2026-05-10T19:26,-6.040563991323207,UNKNOWN
2026-05-10T19:27,-6.040563991323207,UNKNOWN
2026-05-10T19:28,-5.940563991323206,UNKNOWN
2026-05-10T19:29,-5.940563991323206,UNKNOWN
2026-05-10T19:30,-5.840563991323208,UNKNOWN
2026-05-10T19:31,-5.940563991323206,UNKNOWN
2026-05-10T19:32,-5.840563991323208,UNKNOWN
2026-05-10T19:33,-5.940563991323206,UNKNOWN
2026-05-10T19:34,-6.040563991323207,UNKNOWN
2026-05-10T19:35,-6.140563991323205,UNKNOWN
2026-05-10T19:36,-6.2405639913232065,UNKNOWN
2026-05-10T19:37,-6.2405639913232065,UNKNOWN
2026-05-10T19:38,-6.2405639913232065,UNKNOWN
2026-05-10T19:39,-6.140563991323205,UNKNOWN
2026-05-10T19:40,-6.040563991323207,UNKNOWN
2026-05-10T19:41,-6.040563991323207,UNKNOWN
2026-05-10T19:42,-6.040563991323207,UNKNOWN
2026-05-10T19:43,-6.140563991323205,UNKNOWN
2026-05-10T19:44,-6.2405639913232065,UNKNOWN
2026-05-10T19:45,-6.140563991323205,UNKNOWN
2026-05-10T19:46,-6.140563991323205,UNKNOWN
2026-05-10T19:47,-6.040563991323207,UNKNOWN
2026-05-10T19:48,-6.040563991323207,UNKNOWN
2026-05-10T19:49,-6.2405639913232065,UNKNOWN
2026-05-10T19:50,-6.2405639913232065,UNKNOWN
2026-05-10T19:51,-6.140563991323205,UNKNOWN
2026-05-10T19:52,-6.040563991323207,UNKNOWN
2026-05-10T19:53,-6.140563991323205,UNKNOWN
2026-05-10T19:54,-6.040563991323207,UNKNOWN
2026-05-10T19:55,-6.140563991323205,UNKNOWN
2026-05-10T19:56,-6.2405639913232065,UNKNOWN
2026-05-10T19:57,-6.2405639913232065,UNKNOWN
2026-05-10T19:58,-6.2405639913232065,UNKNOWN
2026-05-10T19:59,-6.2405639913232065,UNKNOWN
2026-05-10T20:00,-6.2405639913232065,UNKNOWN
2026-05-10T20:01,-6.340563991323208,UNKNOWN
2026-05-10T20:02,-6.140563991323205,UNKNOWN
2026-05-10T20:03,-5.940563991323206,UNKNOWN
2026-05-10T20:04,-5.7405639913232065,UNKNOWN
2026-05-10T20:05,-5.640563991323205,UNKNOWN
2026-05-10T20:06,-5.540563991323207,UNKNOWN
2026-05-10T20:07,-5.640563991323205,UNKNOWN
2026-05-10T20:08,-5.640563991323205,UNKNOWN
2026-05-10T20:09,-5.640563991323205,UNKNOWN
2026-05-10T20:10,-5.640563991323205,UNKNOWN
2026-05-10T20:11,-5.7405639913232065,UNKNOWN
2026-05-10T20:12,-5.7405639913232065,UNKNOWN
2026-05-10T20:13,-5.7405639913232065,UNKNOWN
2026-05-10T20:14,-5.7405639913232065,UNKNOWN
2026-05-10T20:15,-5.840563991323208,UNKNOWN
2026-05-10T20:16,-5.7405639913232065,UNKNOWN
2026-05-10T20:17,-5.7405639913232065,UNKNOWN
2026-05-10T20:18,-5.840563991323208,UNKNOWN
2026-05-10T20:19,-5.940563991323206,UNKNOWN
2026-05-10T20:20,-5.840563991323208,UNKNOWN
2026-05-10T20:21,-5.840563991323208,UNKNOWN
2026-05-10T20:22,-5.640563991323205,UNKNOWN
2026-05-10T20:23,-5.540563991323207,UNKNOWN
2026-05-10T20:24,-5.440563991323206,UNKNOWN
2026-05-10T20:25,-5.440563991323206,UNKNOWN
2026-05-10T20:26,-5.440563991323206,UNKNOWN
2026-05-10T20:27,-5.340563991323208,UNKNOWN
2026-05-10T20:28,-5.340563991323208,UNKNOWN
2026-05-10T20:29,-5.340563991323208,UNKNOWN
2026-05-10T20:30,-5.340563991323208,UNKNOWN
2026-05-10T20:31,-5.340563991323208,UNKNOWN
2026-05-10T20:32,-5.440563991323206,UNKNOWN
2026-05-10T20:33,-5.340563991323208,UNKNOWN
2026-05-10T20:34,-5.2405639913232065,UNKNOWN
2026-05-10T20:35,-5.140563991323205,UNKNOWN
2026-05-10T20:36,-5.2405639913232065,UNKNOWN
2026-05-10T20:37,-5.140563991323205,UNKNOWN
2026-05-10T20:38,-5.140563991323205,UNKNOWN
2026-05-10T20:39,-5.040563991323207,UNKNOWN
2026-05-10T20:40,-4.940563991323206,UNKNOWN
2026-05-10T20:41,-4.940563991323206,UNKNOWN
2026-05-10T20:42,-5.040563991323207,UNKNOWN
2026-05-10T20:43,-5.040563991323207,UNKNOWN
2026-05-10T20:44,-4.940563991323206,UNKNOWN
2026-05-10T20:45,-4.940563991323206,UNKNOWN
2026-05-10T20:46,-4.840563991323208,UNKNOWN
2026-05-10T20:47,-4.7405639913232065,UNKNOWN
2026-05-10T20:48,-4.640563991323205,UNKNOWN
2026-05-10T20:49,-4.540563991323207,UNKNOWN
2026-05-10T20:50,-4.340563991323208,UNKNOWN
2026-05-10T20:51,-4.440563991323206,UNKNOWN
2026-05-10T20:52,-5.140563991323205,UNKNOWN
2026-05-10T20:53,-5.340563991323208,UNKNOWN
2026-05-10T20:54,-5.340563991323208,UNKNOWN
2026-05-10T20:55,-5.340563991323208,UNKNOWN
2026-05-10T20:56,-5.2405639913232065,UNKNOWN
2026-05-10T20:57,-5.2405639913232065,UNKNOWN
2026-05-10T20:58,-5.440563991323206,UNKNOWN
2026-05-10T20:59,-5.340563991323208,UNKNOWN
2026-05-10T21:00,-5.2405639913232065,UNKNOWN
2026-05-10T21:01,-5.2405639913232065,UNKNOWN
2026-05-10T21:02,-5.140563991323205,UNKNOWN
2026-05-10T21:03,-5.140563991323205,UNKNOWN
2026-05-10T21:04,-5.340563991323208,UNKNOWN
2026-05-10T21:05,-5.340563991323208,UNKNOWN
2026-05-10T21:06,-5.440563991323206,UNKNOWN
2026-05-10T21:07,-5.640563991323205,UNKNOWN
2026-05-10T21:08,-6.040563991323207,UNKNOWN
2026-05-10T21:09,-6.140563991323205,UNKNOWN
2026-05-10T21:10,-6.2405639913232065,UNKNOWN
2026-05-10T21:12,-6.540563991323207,UNKNOWN
2026-05-10T21:13,-6.540563991323207,UNKNOWN
2026-05-10T21:14,-6.540563991323207,UNKNOWN
2026-05-10T21:15,-6.440563991323206,UNKNOWN
2026-05-10T21:16,-6.440563991323206,UNKNOWN
2026-05-10T21:17,-6.440563991323206,UNKNOWN
2026-05-10T21:18,-6.540563991323207,UNKNOWN
2026-05-10T21:19,-6.540563991323207,UNKNOWN
2026-05-10T21:20,-6.540563991323207,UNKNOWN
2026-05-10T21:21,-6.640563991323205,UNKNOWN
2026-05-10T21:22,-6.640563991323205,UNKNOWN
2026-05-10T21:23,-6.640563991323205,UNKNOWN
2026-05-10T21:24,-6.640563991323205,UNKNOWN
2026-05-10T21:25,-6.540563991323207,UNKNOWN
2026-05-10T21:26,-6.540563991323207,UNKNOWN
2026-05-10T21:27,-6.640563991323205,UNKNOWN
2026-05-10T21:28,-6.640563991323205,UNKNOWN
2026-05-10T21:29,-6.7405639913232065,UNKNOWN
2026-05-10T21:30,-6.7405639913232065,UNKNOWN
2026-05-10T21:31,-6.940563991323206,UNKNOWN
2026-05-10T21:32,-7.040563991323207,UNKNOWN
2026-05-10T21:33,-6.940563991323206,UNKNOWN
2026-05-10T21:34,-6.840563991323208,UNKNOWN
2026-05-10T21:35,-7.040563991323207,UNKNOWN
2026-05-10T21:36,-6.940563991323206,UNKNOWN
2026-05-10T21:37,-6.840563991323208,UNKNOWN
2026-05-10T21:38,-6.840563991323208,UNKNOWN
2026-05-10T21:39,-6.7405639913232065,UNKNOWN
2026-05-10T21:40,-6.7405639913232065,UNKNOWN
2026-05-10T21:41,-6.840563991323208,UNKNOWN
2026-05-10T21:42,-6.940563991323206,UNKNOWN
2026-05-10T21:43,-7.140563991323205,UNKNOWN
2026-05-10T21:44,-7.040563991323207,UNKNOWN
2026-05-10T21:45,-7.140563991323205,UNKNOWN
2026-05-10T21:46,-7.140563991323205,UNKNOWN
2026-05-10T21:47,-7.140563991323205,UNKNOWN
2026-05-10T21:48,-7.040563991323207,UNKNOWN
2026-05-10T21:49,-7.140563991323205,UNKNOWN
2026-05-10T21:50,-7.340563991323208,UNKNOWN
2026-05-10T21:51,-7.2405639913232065,UNKNOWN
2026-05-10T21:52,-7.2405639913232065,UNKNOWN
2026-05-10T21:53,-7.2405639913232065,UNKNOWN
2026-05-10T21:54,-7.340563991323208,UNKNOWN
2026-05-10T21:55,-7.440563991323206,UNKNOWN
2026-05-10T21:56,-7.540563991323207,UNKNOWN
2026-05-10T21:57,-7.540563991323207,UNKNOWN
2026-05-10T21:58,-7.640563991323205,UNKNOWN
2026-05-10T21:59,-7.840563991323208,UNKNOWN
2026-05-10T22:00,-7.7405639913232065,UNKNOWN
2026-05-10T22:01,-7.940563991323206,UNKNOWN
2026-05-10T22:02,-8.340563991323208,UNKNOWN
2026-05-10T22:03,-8.740563991323206,UNKNOWN
2026-05-10T22:04,-9.240563991323206,UNKNOWN
2026-05-10T22:46,-8.940563991323206,UNKNOWN
2026-05-10T22:47,-8.240563991323206,UNKNOWN
2026-05-10T22:48,-7.540563991323207,UNKNOWN
2026-05-10T22:49,-6.940563991323206,UNKNOWN
2026-05-10T22:50,-6.440563991323206,UNKNOWN
2026-05-10T22:51,-6.7405639913232065,UNKNOWN
2026-05-10T22:52,-6.940563991323206,UNKNOWN
2026-05-10T22:53,-6.7405639913232065,UNKNOWN
2026-05-10T22:54,-6.440563991323206,UNKNOWN
2026-05-10T22:55,-6.140563991323205,UNKNOWN
2026-05-10T22:56,-5.840563991323208,UNKNOWN
2026-05-10T22:57,-5.7405639913232065,UNKNOWN
2026-05-10T22:58,-5.540563991323207,UNKNOWN
2026-05-10T22:59,-5.440563991323206,UNKNOWN
2026-05-10T23:00,-5.140563991323205,UNKNOWN
2026-05-10T23:01,-5.040563991323207,UNKNOWN
2026-05-10T23:02,-4.940563991323206,UNKNOWN
2026-05-10T23:03,-4.840563991323208,UNKNOWN
2026-05-10T23:04,-4.840563991323208,UNKNOWN
2026-05-10T23:05,-4.340563991323208,UNKNOWN
2026-05-10T23:06,-4.040563991323207,UNKNOWN
2026-05-10T23:07,-3.840563991323208,UNKNOWN
2026-05-10T23:08,-3.440563991323206,UNKNOWN
2026-05-10T23:09,-3.2405639913232065,UNKNOWN
2026-05-10T23:10,-3.340563991323208,UNKNOWN
2026-05-10T23:11,-3.540563991323207,UNKNOWN
2026-05-10T23:12,-3.540563991323207,UNKNOWN
2026-05-10T23:13,-3.440563991323206,UNKNOWN
2026-05-10T23:14,-3.2405639913232065,UNKNOWN
2026-05-10T23:15,-3.140563991323205,UNKNOWN
2026-05-10T23:16,-3.040563991323207,UNKNOWN
2026-05-10T23:17,-2.940563991323206,UNKNOWN
2026-05-10T23:18,-2.940563991323206,UNKNOWN
2026-05-10T23:19,-2.840563991323208,UNKNOWN
2026-05-10T23:20,-2.7405639913232065,UNKNOWN
2026-05-10T23:21,-2.540563991323207,UNKNOWN
2026-05-10T23:22,-2.340563991323208,UNKNOWN
2026-05-10T23:23,-2.140563991323205,UNKNOWN
2026-05-10T23:24,-2.140563991323205,UNKNOWN
2026-05-10T23:25,-2.0405639913232037,UNKNOWN
2026-05-10T23:26,-2.340563991323208,UNKNOWN
2026-05-10T23:27,-2.540563991323207,UNKNOWN
2026-05-10T23:28,-2.640563991323205,UNKNOWN
2026-05-10T23:29,-2.840563991323208,UNKNOWN
2026-05-10T23:30,-3.140563991323205,UNKNOWN
2026-05-10T23:31,-3.2405639913232065,UNKNOWN
2026-05-10T23:32,-3.440563991323206,UNKNOWN
2026-05-10T23:33,-3.440563991323206,UNKNOWN
2026-05-10T23:34,-3.440563991323206,UNKNOWN
2026-05-10T23:35,-3.540563991323207,UNKNOWN
2026-05-10T23:36,-3.440563991323206,UNKNOWN
2026-05-10T23:37,-3.440563991323206,UNKNOWN
2026-05-10T23:38,-3.440563991323206,UNKNOWN
2026-05-10T23:39,-3.540563991323207,UNKNOWN
2026-05-10T23:40,-3.440563991323206,UNKNOWN
2026-05-10T23:41,-3.2405639913232065,UNKNOWN
2026-05-10T23:42,-3.040563991323207,UNKNOWN
2026-05-10T23:43,-2.940563991323206,UNKNOWN
2026-05-10T23:44,-2.7405639913232065,UNKNOWN
2026-05-10T23:45,-2.640563991323205,UNKNOWN
2026-05-10T23:46,-2.540563991323207,UNKNOWN
2026-05-10T23:47,-2.640563991323205,UNKNOWN
2026-05-10T23:48,-2.7405639913232065,UNKNOWN
2026-05-10T23:49,-2.7405639913232065,UNKNOWN
2026-05-10T23:50,-2.7405639913232065,UNKNOWN
2026-05-10T23:51,-2.540563991323207,UNKNOWN
2026-05-10T23:52,-2.540563991323207,UNKNOWN
2026-05-10T23:53,-2.640563991323205,UNKNOWN
2026-05-10T23:54,-2.640563991323205,UNKNOWN
2026-05-10T23:55,-2.7405639913232065,UNKNOWN
2026-05-10T23:56,-2.840563991323208,UNKNOWN
2026-05-10T23:57,-2.940563991323206,UNKNOWN
2026-05-10T23:58,-2.840563991323208,UNKNOWN
2026-05-10T23:59,-2.7405639913232065,UNKNOWN