timestamp,lap time,stroke count,stroke type,data source
2026-05-07T09:41:53Z,00:00:09.000,6,SWIM_STROKE_TYPE_UNSPECIFIED,Versa 4
2026-05-07T09:42:30Z,00:00:08.000,5,SWIM_STROKE_TYPE_UNSPECIFIED,Versa 4
2026-05-07T10:29:11Z,00:00:09.000,6,SWIM_STROKE_TYPE_UNSPECIFIED,Versa 4
2026-05-07T10:53:32Z,00:00:09.000,5,SWIM_STROKE_TYPE_UNSPECIFIED,Versa 4
2026-05-07T14:31:47Z,00:00:24.000,8,SWIM_STROKE_TYPE_UNSPECIFIED,Versa 4
2026-05-07T14:32:27Z,00:00:21.000,7,SWIM_STROKE_TYPE_UNSPECIFIED,Versa 4
2026-05-07T14:32:53Z,00:00:19.000,8,SWIM_STROKE_TYPE_UNSPECIFIED,Versa 4
2026-05-07T14:40:08Z,00:00:22.000,7,SWIM_STROKE_TYPE_UNSPECIFIED,Versa 4
2026-05-07T14:47:35Z,00:00:20.000,9,SWIM_STROKE_TYPE_UNSPECIFIED,Versa 4
2026-05-07T14:54:32Z,00:00:20.000,7,SWIM_STROKE_TYPE_UNSPECIFIED,Versa 4
2026-05-07T14:55:12Z,00:00:19.000,6,SWIM_STROKE_TYPE_UNSPECIFIED,Versa 4
2026-05-07T15:07:31Z,00:00:30.000,7,SWIM_STROKE_TYPE_UNSPECIFIED,Versa 4
2026-05-07T15:14:42Z,00:00:13.000,5,SWIM_STROKE_TYPE_UNSPECIFIED,Versa 4
2026-05-07T15:31:31Z,00:00:15.000,7,SWIM_STROKE_TYPE_UNSPECIFIED,Versa 4
2026-05-07T15:47:48Z,00:00:17.000,6,SWIM_STROKE_TYPE_UNSPECIFIED,Versa 4
2026-05-07T15:56:23Z,00:00:18.000,5,SWIM_STROKE_TYPE_UNSPECIFIED,Versa 4
2026-05-07T15:57:04Z,00:00:32.000,8,SWIM_STROKE_TYPE_UNSPECIFIED,Versa 4
2026-05-07T16:17:02Z,00:00:37.000,7,SWIM_STROKE_TYPE_UNSPECIFIED,Versa 4
2026-05-07T16:17:46Z,00:00:13.000,5,SWIM_STROKE_TYPE_UNSPECIFIED,Versa 4
2026-05-07T16:23:49Z,00:00:23.000,7,SWIM_STROKE_TYPE_UNSPECIFIED,Versa 4
2026-05-07T16:33:25Z,00:00:17.000,6,SWIM_STROKE_TYPE_UNSPECIFIED,Versa 4
2026-05-07T16:42:13Z,00:00:22.000,5,SWIM_STROKE_TYPE_UNSPECIFIED,Versa 4
2026-05-07T16:42:48Z,00:00:23.000,5,SWIM_STROKE_TYPE_UNSPECIFIED,Versa 4
2026-05-07T16:45:23Z,00:00:35.000,6,SWIM_STROKE_TYPE_UNSPECIFIED,Versa 4
2026-05-07T16:47:30Z,00:00:33.000,5,SWIM_STROKE_TYPE_UNSPECIFIED,Versa 4
2026-05-07T16:48:51Z,00:00:48.000,5,SWIM_STROKE_TYPE_UNSPECIFIED,Versa 4
2026-05-07T16:51:04Z,00:00:53.000,5,SWIM_STROKE_TYPE_UNSPECIFIED,Versa 4
2026-05-07T16:54:58Z,00:01:03.000,13,SWIM_STROKE_TYPE_UNSPECIFIED,Versa 4
2026-05-07T16:56:04Z,00:01:03.000,7,SWIM_STROKE_TYPE_UNSPECIFIED,Versa 4
2026-05-07T17:07:45Z,00:00:53.000,10,SWIM_STROKE_TYPE_UNSPECIFIED,Versa 4
2026-05-07T17:08:41Z,00:00:53.000,6,SWIM_STROKE_TYPE_UNSPECIFIED,Versa 4
2026-05-07T17:10:48Z,00:00:48.000,6,SWIM_STROKE_TYPE_UNSPECIFIED,Versa 4
2026-05-07T17:14:49Z,00:00:27.000,5,SWIM_STROKE_TYPE_UNSPECIFIED,Versa 4
2026-05-07T17:17:40Z,00:00:37.000,5,SWIM_STROKE_TYPE_UNSPECIFIED,Versa 4
2026-05-07T17:18:38Z,00:00:47.000,6,SWIM_STROKE_TYPE_UNSPECIFIED,Versa 4
2026-05-07T17:19:41Z,00:00:46.000,6,SWIM_STROKE_TYPE_UNSPECIFIED,Versa 4
2026-05-07T17:20:52Z,00:00:47.000,7,SWIM_STROKE_TYPE_UNSPECIFIED,Versa 4
2026-05-07T17:22:06Z,00:00:30.000,9,SWIM_STROKE_TYPE_UNSPECIFIED,Versa 4
2026-05-07T17:30:20Z,00:00:17.000,6,SWIM_STROKE_TYPE_UNSPECIFIED,Versa 4
2026-05-07T17:37:17Z,00:00:28.000,8,SWIM_STROKE_TYPE_UNSPECIFIED,Versa 4
2026-05-07T17:42:33Z,00:00:25.000,6,SWIM_STROKE_TYPE_UNSPECIFIED,Versa 4
2026-05-07T17:45:27Z,00:00:45.000,7,SWIM_STROKE_TYPE_UNSPECIFIED,Versa 4
2026-05-07T17:48:13Z,00:00:36.000,7,SWIM_STROKE_TYPE_UNSPECIFIED,Versa 4
2026-05-07T18:11:42Z,00:00:36.000,10,SWIM_STROKE_TYPE_UNSPECIFIED,Versa 4
2026-05-07T18:14:10Z,00:00:19.000,5,SWIM_STROKE_TYPE_UNSPECIFIED,Versa 4
2026-05-07T19:13:54Z,00:00:10.000,6,SWIM_STROKE_TYPE_UNSPECIFIED,Versa 4
2026-05-07T19:23:40Z,00:00:16.000,5,SWIM_STROKE_TYPE_UNSPECIFIED,Versa 4
2026-05-07T19:25:31Z,00:00:21.000,5,SWIM_STROKE_TYPE_UNSPECIFIED,Versa 4
2026-05-07T20:44:48Z,00:00:12.000,6,SWIM_STROKE_TYPE_UNSPECIFIED,Versa 4
2026-05-07T20:57:23Z,00:00:20.000,5,SWIM_STROKE_TYPE_UNSPECIFIED,Versa 4
2026-05-08T05:42:27Z,00:00:08.000,5,SWIM_STROKE_TYPE_UNSPECIFIED,Versa 4
2026-05-08T05:42:40Z,00:00:13.000,5,SWIM_STROKE_TYPE_UNSPECIFIED,Versa 4
2026-05-08T05:43:14Z,00:00:16.000,6,SWIM_STROKE_TYPE_UNSPECIFIED,Versa 4
2026-05-08T05:49:08Z,00:00:12.000,6,SWIM_STROKE_TYPE_UNSPECIFIED,Versa 4
2026-05-08T05:58:35Z,00:00:11.000,5,SWIM_STROKE_TYPE_UNSPECIFIED,Versa 4
2026-05-08T06:21:37Z,00:00:30.000,8,SWIM_STROKE_TYPE_UNSPECIFIED,Versa 4
2026-05-08T06:22:22Z,00:00:18.000,6,SWIM_STROKE_TYPE_UNSPECIFIED,Versa 4
2026-05-08T08:09:05Z,00:00:17.000,6,SWIM_STROKE_TYPE_UNSPECIFIED,Versa 4
2026-05-08T12:03:36Z,00:00:07.000,8,SWIM_STROKE_TYPE_UNSPECIFIED,Versa 4
2026-05-08T12:28:36Z,00:00:10.000,5,SWIM_STROKE_TYPE_UNSPECIFIED,Versa 4
2026-05-08T13:16:16Z,00:00:14.000,5,SWIM_STROKE_TYPE_UNSPECIFIED,Versa 4
2026-05-08T13:22:45Z,00:00:18.000,6,SWIM_STROKE_TYPE_UNSPECIFIED,Versa 4
2026-05-08T13:52:50Z,00:00:30.000,12,SWIM_STROKE_TYPE_UNSPECIFIED,Versa 4
2026-05-08T13:59:13Z,00:00:14.000,5,SWIM_STROKE_TYPE_UNSPECIFIED,Versa 4
2026-05-08T14:02:21Z,00:00:22.000,5,SWIM_STROKE_TYPE_UNSPECIFIED,Versa 4
2026-05-08T14:03:50Z,00:00:22.000,5,SWIM_STROKE_TYPE_UNSPECIFIED,Versa 4
2026-05-08T14:04:53Z,00:00:42.000,9,SWIM_STROKE_TYPE_UNSPECIFIED,Versa 4
2026-05-08T14:05:45Z,00:00:35.000,5,SWIM_STROKE_TYPE_UNSPECIFIED,Versa 4
2026-05-08T14:06:37Z,00:00:32.000,10,SWIM_STROKE_TYPE_UNSPECIFIED,Versa 4
2026-05-08T14:07:11Z,00:00:32.000,6,SWIM_STROKE_TYPE_UNSPECIFIED,Versa 4
2026-05-08T14:08:03Z,00:00:36.000,6,SWIM_STROKE_TYPE_UNSPECIFIED,Versa 4
2026-05-08T14:09:19Z,00:00:24.000,5,SWIM_STROKE_TYPE_UNSPECIFIED,Versa 4
2026-05-08T14:10:03Z,00:00:31.000,7,SWIM_STROKE_TYPE_UNSPECIFIED,Versa 4
2026-05-08T14:12:46Z,00:00:32.000,9,SWIM_STROKE_TYPE_UNSPECIFIED,Versa 4
2026-05-08T14:14:31Z,00:00:18.000,5,SWIM_STROKE_TYPE_UNSPECIFIED,Versa 4
2026-05-08T14:18:01Z,00:00:38.000,13,SWIM_STROKE_TYPE_UNSPECIFIED,Versa 4
2026-05-08T14:19:27Z,00:00:12.000,6,SWIM_STROKE_TYPE_UNSPECIFIED,Versa 4
2026-05-08T14:25:08Z,00:00:25.000,7,SWIM_STROKE_TYPE_UNSPECIFIED,Versa 4
2026-05-08T14:26:05Z,00:00:19.000,6,SWIM_STROKE_TYPE_UNSPECIFIED,Versa 4
2026-05-08T14:36:00Z,00:00:23.000,10,SWIM_STROKE_TYPE_UNSPECIFIED,Versa 4
2026-05-08T14:38:02Z,00:00:14.000,5,SWIM_STROKE_TYPE_UNSPECIFIED,Versa 4
2026-05-08T14:38:29Z,00:00:18.000,6,SWIM_STROKE_TYPE_UNSPECIFIED,Versa 4
2026-05-08T14:46:02Z,00:00:19.000,7,SWIM_STROKE_TYPE_UNSPECIFIED,Versa 4
2026-05-08T14:50:55Z,00:00:16.000,5,SWIM_STROKE_TYPE_UNSPECIFIED,Versa 4
2026-05-08T14:51:18Z,00:00:20.000,6,SWIM_STROKE_TYPE_UNSPECIFIED,Versa 4
2026-05-08T14:53:19Z,00:00:27.000,6,SWIM_STROKE_TYPE_UNSPECIFIED,Versa 4
2026-05-08T14:59:57Z,00:00:31.000,8,SWIM_STROKE_TYPE_UNSPECIFIED,Versa 4
2026-05-08T15:01:07Z,00:00:20.000,7,SWIM_STROKE_TYPE_UNSPECIFIED,Versa 4
2026-05-08T15:11:49Z,00:00:13.000,6,SWIM_STROKE_TYPE_UNSPECIFIED,Versa 4
2026-05-08T15:15:39Z,00:00:11.000,5,SWIM_STROKE_TYPE_UNSPECIFIED,Versa 4
2026-05-08T15:26:18Z,00:00:14.000,6,SWIM_STROKE_TYPE_UNSPECIFIED,Versa 4
2026-05-08T15:37:07Z,00:00:14.000,5,SWIM_STROKE_TYPE_UNSPECIFIED,Versa 4
2026-05-08T15:37:35Z,00:00:25.000,8,SWIM_STROKE_TYPE_UNSPECIFIED,Versa 4
2026-05-08T15:39:24Z,00:00:11.000,5,SWIM_STROKE_TYPE_UNSPECIFIED,Versa 4
2026-05-08T15:47:04Z,00:00:17.000,5,SWIM_STROKE_TYPE_UNSPECIFIED,Versa 4
2026-05-08T15:50:37Z,00:00:26.000,8,SWIM_STROKE_TYPE_UNSPECIFIED,Versa 4
2026-05-08T15:57:50Z,00:00:19.000,6,SWIM_STROKE_TYPE_UNSPECIFIED,Versa 4
2026-05-08T15:58:21Z,00:00:23.000,5,SWIM_STROKE_TYPE_UNSPECIFIED,Versa 4
2026-05-08T15:59:09Z,00:00:24.000,5,SWIM_STROKE_TYPE_UNSPECIFIED,Versa 4
2026-05-08T16:00:33Z,00:00:33.000,8,SWIM_STROKE_TYPE_UNSPECIFIED,Versa 4
2026-05-08T16:01:28Z,00:00:09.000,5,SWIM_STROKE_TYPE_UNSPECIFIED,Versa 4
2026-05-08T16:04:57Z,00:00:19.000,6,SWIM_STROKE_TYPE_UNSPECIFIED,Versa 4
2026-05-08T16:08:04Z,00:00:23.000,5,SWIM_STROKE_TYPE_UNSPECIFIED,Versa 4
2026-05-08T16:09:55Z,00:00:33.000,6,SWIM_STROKE_TYPE_UNSPECIFIED,Versa 4
2026-05-08T16:11:49Z,00:00:54.000,7,SWIM_STROKE_TYPE_UNSPECIFIED,Versa 4
2026-05-08T16:13:16Z,00:00:45.000,5,SWIM_STROKE_TYPE_UNSPECIFIED,Versa 4
2026-05-08T16:16:28Z,00:00:34.000,8,SWIM_STROKE_TYPE_UNSPECIFIED,Versa 4
2026-05-08T16:19:53Z,00:00:18.000,6,SWIM_STROKE_TYPE_UNSPECIFIED,Versa 4
2026-05-08T16:22:12Z,00:00:18.000,6,SWIM_STROKE_TYPE_UNSPECIFIED,Versa 4
2026-05-08T16:23:25Z,00:00:10.000,5,SWIM_STROKE_TYPE_UNSPECIFIED,Versa 4
2026-05-08T16:34:08Z,00:00:16.000,5,SWIM_STROKE_TYPE_UNSPECIFIED,Versa 4
2026-05-08T16:38:28Z,00:00:12.000,5,SWIM_STROKE_TYPE_UNSPECIFIED,Versa 4
2026-05-08T16:45:02Z,00:00:14.000,5,SWIM_STROKE_TYPE_UNSPECIFIED,Versa 4
2026-05-08T16:47:23Z,00:00:17.000,7,SWIM_STROKE_TYPE_UNSPECIFIED,Versa 4
2026-05-08T16:48:17Z,00:00:08.000,5,SWIM_STROKE_TYPE_UNSPECIFIED,Versa 4
2026-05-08T16:51:55Z,00:00:13.000,5,SWIM_STROKE_TYPE_UNSPECIFIED,Versa 4
2026-05-08T16:54:22Z,00:00:19.000,5,SWIM_STROKE_TYPE_UNSPECIFIED,Versa 4
2026-05-08T16:55:34Z,00:00:20.000,5,SWIM_STROKE_TYPE_UNSPECIFIED,Versa 4
2026-05-08T16:57:22Z,00:00:25.000,6,SWIM_STROKE_TYPE_UNSPECIFIED,Versa 4
2026-05-08T16:58:14Z,00:00:13.000,5,SWIM_STROKE_TYPE_UNSPECIFIED,Versa 4
2026-05-08T17:05:57Z,00:00:12.000,5,SWIM_STROKE_TYPE_UNSPECIFIED,Versa 4
2026-05-08T17:11:44Z,00:00:12.000,5,SWIM_STROKE_TYPE_UNSPECIFIED,Versa 4
2026-05-08T17:12:24Z,00:00:14.000,5,SWIM_STROKE_TYPE_UNSPECIFIED,Versa 4
2026-05-08T17:13:21Z,00:00:18.000,6,SWIM_STROKE_TYPE_UNSPECIFIED,Versa 4
2026-05-08T17:29:47Z,00:00:16.000,5,SWIM_STROKE_TYPE_UNSPECIFIED,Versa 4
2026-05-08T17:34:10Z,00:00:22.000,6,SWIM_STROKE_TYPE_UNSPECIFIED,Versa 4
2026-05-08T17:35:45Z,00:00:23.000,6,SWIM_STROKE_TYPE_UNSPECIFIED,Versa 4
2026-05-08T17:41:50Z,00:00:37.000,8,SWIM_STROKE_TYPE_UNSPECIFIED,Versa 4
2026-05-08T17:42:36Z,00:00:31.000,8,SWIM_STROKE_TYPE_UNSPECIFIED,Versa 4
2026-05-08T17:43:33Z,00:00:29.000,5,SWIM_STROKE_TYPE_UNSPECIFIED,Versa 4
2026-05-08T17:44:22Z,00:00:54.000,14,SWIM_STROKE_TYPE_UNSPECIFIED,Versa 4
2026-05-08T17:49:45Z,00:00:18.000,6,SWIM_STROKE_TYPE_UNSPECIFIED,Versa 4
2026-05-08T17:50:53Z,00:00:13.000,5,SWIM_STROKE_TYPE_UNSPECIFIED,Versa 4
2026-05-08T17:58:11Z,00:00:22.000,9,SWIM_STROKE_TYPE_UNSPECIFIED,Versa 4
2026-05-08T18:00:22Z,00:00:10.000,5,SWIM_STROKE_TYPE_UNSPECIFIED,Versa 4
2026-05-08T18:03:00Z,00:00:28.000,11,SWIM_STROKE_TYPE_UNSPECIFIED,Versa 4
2026-05-08T18:03:38Z,00:00:19.000,9,SWIM_STROKE_TYPE_UNSPECIFIED,Versa 4
2026-05-08T18:04:44Z,00:00:17.000,6,SWIM_STROKE_TYPE_UNSPECIFIED,Versa 4
2026-05-08T18:05:08Z,00:00:21.000,10,SWIM_STROKE_TYPE_UNSPECIFIED,Versa 4
2026-05-08T18:06:26Z,00:00:13.000,5,SWIM_STROKE_TYPE_UNSPECIFIED,Versa 4
2026-05-08T18:10:19Z,00:00:19.000,5,SWIM_STROKE_TYPE_UNSPECIFIED,Versa 4
2026-05-08T18:10:46Z,00:00:09.000,6,SWIM_STROKE_TYPE_UNSPECIFIED,Versa 4
2026-05-08T18:25:01Z,00:00:14.000,5,SWIM_STROKE_TYPE_UNSPECIFIED,Versa 4
2026-05-08T18:36:21Z,00:00:28.000,9,SWIM_STROKE_TYPE_UNSPECIFIED,Versa 4
2026-05-08T18:36:55Z,00:00:17.000,5,SWIM_STROKE_TYPE_UNSPECIFIED,Versa 4
2026-05-08T18:46:17Z,00:00:33.000,9,SWIM_STROKE_TYPE_UNSPECIFIED,Versa 4
2026-05-08T18:52:34Z,00:00:28.000,7,SWIM_STROKE_TYPE_UNSPECIFIED,Versa 4
2026-05-08T18:55:29Z,00:00:31.000,8,SWIM_STROKE_TYPE_UNSPECIFIED,Versa 4
2026-05-08T18:56:37Z,00:00:17.000,6,SWIM_STROKE_TYPE_UNSPECIFIED,Versa 4
2026-05-08T19:00:30Z,00:00:21.000,7,SWIM_STROKE_TYPE_UNSPECIFIED,Versa 4
2026-05-08T19:14:46Z,00:00:14.000,5,SWIM_STROKE_TYPE_UNSPECIFIED,Versa 4
2026-05-08T19:16:12Z,00:00:30.000,8,SWIM_STROKE_TYPE_UNSPECIFIED,Versa 4
2026-05-08T19:21:50Z,00:00:22.000,6,SWIM_STROKE_TYPE_UNSPECIFIED,Versa 4
2026-05-08T19:26:43Z,00:00:38.000,9,SWIM_STROKE_TYPE_UNSPECIFIED,Versa 4
2026-05-08T19:27:28Z,00:00:12.000,6,SWIM_STROKE_TYPE_UNSPECIFIED,Versa 4
2026-05-08T19:43:13Z,00:00:12.000,5,SWIM_STROKE_TYPE_UNSPECIFIED,Versa 4
2026-05-08T19:50:31Z,00:00:09.000,5,SWIM_STROKE_TYPE_UNSPECIFIED,Versa 4
2026-05-08T19:51:43Z,00:00:23.000,7,SWIM_STROKE_TYPE_UNSPECIFIED,Versa 4
2026-05-08T19:53:09Z,00:00:21.000,8,SWIM_STROKE_TYPE_UNSPECIFIED,Versa 4
2026-05-08T19:59:36Z,00:00:13.000,5,SWIM_STROKE_TYPE_UNSPECIFIED,Versa 4
2026-05-08T20:05:54Z,00:00:15.000,5,SWIM_STROKE_TYPE_UNSPECIFIED,Versa 4
2026-05-08T20:06:22Z,00:00:29.000,6,SWIM_STROKE_TYPE_UNSPECIFIED,Versa 4
2026-05-08T20:17:34Z,00:00:34.000,6,SWIM_STROKE_TYPE_UNSPECIFIED,Versa 4
2026-05-08T20:18:58Z,00:00:45.000,10,SWIM_STROKE_TYPE_UNSPECIFIED,Versa 4
2026-05-08T20:22:43Z,00:00:27.000,8,SWIM_STROKE_TYPE_UNSPECIFIED,Versa 4
2026-05-08T20:29:45Z,00:00:15.000,5,SWIM_STROKE_TYPE_UNSPECIFIED,Versa 4
2026-05-08T20:54:52Z,00:00:30.000,8,SWIM_STROKE_TYPE_UNSPECIFIED,Versa 4
2026-05-08T20:56:23Z,00:00:17.000,5,SWIM_STROKE_TYPE_UNSPECIFIED,Versa 4
2026-05-08T21:05:26Z,00:00:22.000,5,SWIM_STROKE_TYPE_UNSPECIFIED,Versa 4
2026-05-08T21:12:24Z,00:00:12.000,6,SWIM_STROKE_TYPE_UNSPECIFIED,Versa 4
2026-05-08T21:13:26Z,00:00:20.000,6,SWIM_STROKE_TYPE_UNSPECIFIED,Versa 4
2026-05-08T21:13:58Z,00:00:09.000,6,SWIM_STROKE_TYPE_UNSPECIFIED,Versa 4
2026-05-08T21:15:37Z,00:00:21.000,7,SWIM_STROKE_TYPE_UNSPECIFIED,Versa 4
2026-05-08T21:16:05Z,00:00:20.000,7,SWIM_STROKE_TYPE_UNSPECIFIED,Versa 4
2026-05-08T21:20:04Z,00:00:26.000,8,SWIM_STROKE_TYPE_UNSPECIFIED,Versa 4
2026-05-08T21:21:40Z,00:00:12.000,5,SWIM_STROKE_TYPE_UNSPECIFIED,Versa 4
2026-05-08T21:27:00Z,00:00:25.000,6,SWIM_STROKE_TYPE_UNSPECIFIED,Versa 4
2026-05-08T21:28:38Z,00:00:19.000,6,SWIM_STROKE_TYPE_UNSPECIFIED,Versa 4
2026-05-08T21:34:08Z,00:00:16.000,5,SWIM_STROKE_TYPE_UNSPECIFIED,Versa 4
2026-05-08T21:39:41Z,00:00:18.000,6,SWIM_STROKE_TYPE_UNSPECIFIED,Versa 4
2026-05-08T21:47:18Z,00:00:14.000,5,SWIM_STROKE_TYPE_UNSPECIFIED,Versa 4
2026-05-08T21:52:57Z,00:00:34.000,6,SWIM_STROKE_TYPE_UNSPECIFIED,Versa 4
2026-05-08T21:53:37Z,00:00:17.000,5,SWIM_STROKE_TYPE_UNSPECIFIED,Versa 4
2026-05-08T22:01:07Z,00:00:17.000,6,SWIM_STROKE_TYPE_UNSPECIFIED,Versa 4
2026-05-08T22:06:03Z,00:00:20.000,5,SWIM_STROKE_TYPE_UNSPECIFIED,Versa 4
2026-05-08T22:07:00Z,00:00:25.000,8,SWIM_STROKE_TYPE_UNSPECIFIED,Versa 4
2026-05-08T22:07:54Z,00:00:19.000,6,SWIM_STROKE_TYPE_UNSPECIFIED,Versa 4
2026-05-08T22:09:27Z,00:00:09.000,6,SWIM_STROKE_TYPE_UNSPECIFIED,Versa 4
2026-05-08T22:11:31Z,00:00:17.000,5,SWIM_STROKE_TYPE_UNSPECIFIED,Versa 4
2026-05-08T22:12:10Z,00:00:10.000,5,SWIM_STROKE_TYPE_UNSPECIFIED,Versa 4
2026-05-08T22:18:37Z,00:00:20.000,6,SWIM_STROKE_TYPE_UNSPECIFIED,Versa 4
2026-05-08T22:31:45Z,00:00:23.000,8,SWIM_STROKE_TYPE_UNSPECIFIED,Versa 4
2026-05-08T22:43:11Z,00:00:17.000,6,SWIM_STROKE_TYPE_UNSPECIFIED,Versa 4
2026-05-08T22:46:25Z,00:00:18.000,5,SWIM_STROKE_TYPE_UNSPECIFIED,Versa 4
2026-05-08T22:47:35Z,00:00:27.000,5,SWIM_STROKE_TYPE_UNSPECIFIED,Versa 4
2026-05-08T22:50:15Z,00:00:39.000,9,SWIM_STROKE_TYPE_UNSPECIFIED,Versa 4
2026-05-08T22:51:09Z,00:00:17.000,6,SWIM_STROKE_TYPE_UNSPECIFIED,Versa 4
2026-05-08T22:56:36Z,00:00:30.000,11,SWIM_STROKE_TYPE_UNSPECIFIED,Versa 4
2026-05-08T23:05:15Z,00:00:20.000,7,SWIM_STROKE_TYPE_UNSPECIFIED,Versa 4
2026-05-08T23:12:16Z,00:00:14.000,5,SWIM_STROKE_TYPE_UNSPECIFIED,Versa 4
2026-05-08T23:14:06Z,00:00:16.000,5,SWIM_STROKE_TYPE_UNSPECIFIED,Versa 4
2026-05-08T23:15:09Z,00:00:14.000,5,SWIM_STROKE_TYPE_UNSPECIFIED,Versa 4
2026-05-08T23:20:43Z,00:00:17.000,6,SWIM_STROKE_TYPE_UNSPECIFIED,Versa 4
2026-05-08T23:29:46Z,00:00:20.000,5,SWIM_STROKE_TYPE_UNSPECIFIED,Versa 4
2026-05-08T23:30:37Z,00:00:41.000,12,SWIM_STROKE_TYPE_UNSPECIFIED,Versa 4
2026-05-08T23:32:20Z,00:00:18.000,5,SWIM_STROKE_TYPE_UNSPECIFIED,Versa 4
2026-05-08T23:34:50Z,00:00:21.000,6,SWIM_STROKE_TYPE_UNSPECIFIED,Versa 4
2026-05-08T23:36:07Z,00:00:13.000,6,SWIM_STROKE_TYPE_UNSPECIFIED,Versa 4
2026-05-08T23:39:20Z,00:00:28.000,9,SWIM_STROKE_TYPE_UNSPECIFIED,Versa 4
2026-05-08T23:41:57Z,00:00:21.000,10,SWIM_STROKE_TYPE_UNSPECIFIED,Versa 4
2026-05-08T23:44:10Z,00:00:13.000,5,SWIM_STROKE_TYPE_UNSPECIFIED,Versa 4
2026-05-08T23:45:17Z,00:00:25.000,5,SWIM_STROKE_TYPE_UNSPECIFIED,Versa 4
2026-05-08T23:50:30Z,00:00:23.000,5,SWIM_STROKE_TYPE_UNSPECIFIED,Versa 4
2026-05-08T23:51:24Z,00:00:42.000,11,SWIM_STROKE_TYPE_UNSPECIFIED,Versa 4
2026-05-08T23:52:26Z,00:00:24.000,7,SWIM_STROKE_TYPE_UNSPECIFIED,Versa 4
2026-05-08T23:54:59Z,00:00:07.000,5,SWIM_STROKE_TYPE_UNSPECIFIED,Versa 4
2026-05-08T23:57:24Z,00:00:18.000,8,SWIM_STROKE_TYPE_UNSPECIFIED,Versa 4
2026-05-08T23:59:01Z,00:00:18.000,6,SWIM_STROKE_TYPE_UNSPECIFIED,Versa 4
2026-05-09T00:01:38Z,00:00:20.000,5,SWIM_STROKE_TYPE_UNSPECIFIED,Versa 4
2026-05-09T00:03:45Z,00:00:27.000,7,SWIM_STROKE_TYPE_UNSPECIFIED,Versa 4
2026-05-09T00:04:32Z,00:00:17.000,5,SWIM_STROKE_TYPE_UNSPECIFIED,Versa 4
2026-05-09T00:04:59Z,00:00:23.000,6,SWIM_STROKE_TYPE_UNSPECIFIED,Versa 4
2026-05-09T06:19:07Z,00:00:14.000,8,SWIM_STROKE_TYPE_UNSPECIFIED,Versa 4
2026-05-09T10:14:19Z,00:00:25.000,8,SWIM_STROKE_TYPE_UNSPECIFIED,Versa 4
2026-05-09T10:19:59Z,00:00:14.000,7,SWIM_STROKE_TYPE_UNSPECIFIED,Versa 4
2026-05-09T10:21:01Z,00:00:21.000,7,SWIM_STROKE_TYPE_UNSPECIFIED,Versa 4
2026-05-09T10:23:15Z,00:00:31.000,7,SWIM_STROKE_TYPE_UNSPECIFIED,Versa 4
2026-05-09T10:29:06Z,00:00:13.000,6,SWIM_STROKE_TYPE_UNSPECIFIED,Versa 4
2026-05-09T11:14:26Z,00:00:15.000,5,SWIM_STROKE_TYPE_UNSPECIFIED,Versa 4
2026-05-09T11:14:53Z,00:00:26.000,6,SWIM_STROKE_TYPE_UNSPECIFIED,Versa 4
2026-05-09T11:32:35Z,00:00:32.000,8,SWIM_STROKE_TYPE_UNSPECIFIED,Versa 4
2026-05-09T13:20:42Z,00:00:18.000,6,SWIM_STROKE_TYPE_UNSPECIFIED,Versa 4
2026-05-09T14:15:37Z,00:00:30.000,5,SWIM_STROKE_TYPE_UNSPECIFIED,Versa 4
2026-05-09T14:17:52Z,00:00:55.000,11,SWIM_STROKE_TYPE_UNSPECIFIED,Versa 4
2026-05-09T14:20:28Z,00:00:27.000,6,SWIM_STROKE_TYPE_UNSPECIFIED,Versa 4
2026-05-09T14:21:11Z,00:00:20.000,7,SWIM_STROKE_TYPE_UNSPECIFIED,Versa 4
2026-05-09T14:23:52Z,00:00:18.000,6,SWIM_STROKE_TYPE_UNSPECIFIED,Versa 4
2026-05-09T14:29:35Z,00:00:29.000,6,SWIM_STROKE_TYPE_UNSPECIFIED,Versa 4
2026-05-09T14:30:37Z,00:00:32.000,7,SWIM_STROKE_TYPE_UNSPECIFIED,Versa 4
2026-05-09T14:52:53Z,00:00:14.000,5,SWIM_STROKE_TYPE_UNSPECIFIED,Versa 4
2026-05-09T14:53:49Z,00:00:17.000,6,SWIM_STROKE_TYPE_UNSPECIFIED,Versa 4
2026-05-09T15:06:05Z,00:00:21.000,5,SWIM_STROKE_TYPE_UNSPECIFIED,Versa 4
2026-05-09T15:07:03Z,00:00:24.000,6,SWIM_STROKE_TYPE_UNSPECIFIED,Versa 4
2026-05-09T15:11:53Z,00:00:35.000,6,SWIM_STROKE_TYPE_UNSPECIFIED,Versa 4
2026-05-09T15:13:46Z,00:00:33.000,6,SWIM_STROKE_TYPE_UNSPECIFIED,Versa 4
2026-05-09T15:28:58Z,00:00:28.000,5,SWIM_STROKE_TYPE_UNSPECIFIED,Versa 4
2026-05-09T15:34:40Z,00:00:39.000,5,SWIM_STROKE_TYPE_UNSPECIFIED,Versa 4
2026-05-09T15:36:07Z,00:00:38.000,7,SWIM_STROKE_TYPE_UNSPECIFIED,Versa 4
2026-05-09T15:37:33Z,00:00:50.000,13,SWIM_STROKE_TYPE_UNSPECIFIED,Versa 4
2026-05-09T15:42:29Z,00:00:14.000,6,SWIM_STROKE_TYPE_UNSPECIFIED,Versa 4
2026-05-09T15:46:26Z,00:00:10.000,5,SWIM_STROKE_TYPE_UNSPECIFIED,Versa 4
2026-05-09T15:51:16Z,00:00:23.000,9,SWIM_STROKE_TYPE_UNSPECIFIED,Versa 4
2026-05-09T15:53:04Z,00:00:26.000,7,SWIM_STROKE_TYPE_UNSPECIFIED,Versa 4
2026-05-09T15:53:44Z,00:00:18.000,5,SWIM_STROKE_TYPE_UNSPECIFIED,Versa 4
2026-05-09T15:54:47Z,00:00:41.000,6,SWIM_STROKE_TYPE_UNSPECIFIED,Versa 4
2026-05-09T16:01:36Z,00:00:54.000,7,SWIM_STROKE_TYPE_UNSPECIFIED,Versa 4
2026-05-09T16:03:01Z,00:00:52.000,7,SWIM_STROKE_TYPE_UNSPECIFIED,Versa 4
2026-05-09T16:05:20Z,00:00:46.000,6,SWIM_STROKE_TYPE_UNSPECIFIED,Versa 4
2026-05-09T16:09:45Z,00:00:50.000,6,SWIM_STROKE_TYPE_UNSPECIFIED,Versa 4
2026-05-09T16:11:06Z,00:00:58.000,9,SWIM_STROKE_TYPE_UNSPECIFIED,Versa 4
2026-05-09T16:15:16Z,00:00:18.000,5,SWIM_STROKE_TYPE_UNSPECIFIED,Versa 4
2026-05-09T16:25:37Z,00:00:23.000,9,SWIM_STROKE_TYPE_UNSPECIFIED,Versa 4
2026-05-09T16:31:26Z,00:00:12.000,5,SWIM_STROKE_TYPE_UNSPECIFIED,Versa 4
2026-05-09T16:38:27Z,00:00:15.000,5,SWIM_STROKE_TYPE_UNSPECIFIED,Versa 4
2026-05-09T17:07:34Z,00:00:19.000,6,SWIM_STROKE_TYPE_UNSPECIFIED,Versa 4
2026-05-09T17:09:38Z,00:00:37.000,9,SWIM_STROKE_TYPE_UNSPECIFIED,Versa 4
2026-05-09T17:19:45Z,00:00:29.000,5,SWIM_STROKE_TYPE_UNSPECIFIED,Versa 4
2026-05-09T17:21:10Z,00:00:48.000,8,SWIM_STROKE_TYPE_UNSPECIFIED,Versa 4
2026-05-09T17:23:09Z,00:00:10.000,5,SWIM_STROKE_TYPE_UNSPECIFIED,Versa 4
2026-05-09T17:25:40Z,00:00:11.000,5,SWIM_STROKE_TYPE_UNSPECIFIED,Versa 4
2026-05-09T17:29:49Z,00:00:18.000,6,SWIM_STROKE_TYPE_UNSPECIFIED,Versa 4
2026-05-09T18:00:04Z,00:00:18.000,7,SWIM_STROKE_TYPE_UNSPECIFIED,Versa 4
2026-05-09T18:14:58Z,00:00:17.000,6,SWIM_STROKE_TYPE_UNSPECIFIED,Versa 4
2026-05-09T18:29:00Z,00:00:25.000,9,SWIM_STROKE_TYPE_UNSPECIFIED,Versa 4
2026-05-09T18:29:55Z,00:00:17.000,6,SWIM_STROKE_TYPE_UNSPECIFIED,Versa 4
2026-05-09T18:33:45Z,00:00:22.000,6,SWIM_STROKE_TYPE_UNSPECIFIED,Versa 4
2026-05-09T18:40:35Z,00:00:32.000,6,SWIM_STROKE_TYPE_UNSPECIFIED,Versa 4
2026-05-09T18:53:33Z,00:00:17.000,6,SWIM_STROKE_TYPE_UNSPECIFIED,Versa 4
2026-05-09T18:54:57Z,00:00:21.000,6,SWIM_STROKE_TYPE_UNSPECIFIED,Versa 4
2026-05-09T18:59:03Z,00:00:24.000,7,SWIM_STROKE_TYPE_UNSPECIFIED,Versa 4
2026-05-09T19:02:06Z,00:00:25.000,5,SWIM_STROKE_TYPE_UNSPECIFIED,Versa 4
2026-05-09T19:05:26Z,00:00:43.000,5,SWIM_STROKE_TYPE_UNSPECIFIED,Versa 4
2026-05-09T19:07:30Z,00:00:33.000,5,SWIM_STROKE_TYPE_UNSPECIFIED,Versa 4
2026-05-09T19:11:22Z,00:00:12.000,5,SWIM_STROKE_TYPE_UNSPECIFIED,Versa 4
2026-05-09T19:11:41Z,00:00:16.000,7,SWIM_STROKE_TYPE_UNSPECIFIED,Versa 4
2026-05-09T19:50:30Z,00:00:22.000,9,SWIM_STROKE_TYPE_UNSPECIFIED,Versa 4
2026-05-09T20:32:54Z,00:00:15.000,6,SWIM_STROKE_TYPE_UNSPECIFIED,Versa 4
2026-05-09T20:37:25Z,00:00:23.000,8,SWIM_STROKE_TYPE_UNSPECIFIED,Versa 4
2026-05-09T20:43:26Z,00:00:32.000,10,SWIM_STROKE_TYPE_UNSPECIFIED,Versa 4
2026-05-09T20:44:19Z,00:00:38.000,11,SWIM_STROKE_TYPE_UNSPECIFIED,Versa 4
2026-05-09T20:47:33Z,00:00:18.000,6,SWIM_STROKE_TYPE_UNSPECIFIED,Versa 4
2026-05-09T20:52:22Z,00:00:15.000,6,SWIM_STROKE_TYPE_UNSPECIFIED,Versa 4
2026-05-09T20:56:35Z,00:00:09.000,5,SWIM_STROKE_TYPE_UNSPECIFIED,Versa 4
2026-05-09T20:57:35Z,00:00:16.000,6,SWIM_STROKE_TYPE_UNSPECIFIED,Versa 4
2026-05-09T21:05:44Z,00:00:15.000,5,SWIM_STROKE_TYPE_UNSPECIFIED,Versa 4
2026-05-09T21:06:33Z,00:00:24.000,5,SWIM_STROKE_TYPE_UNSPECIFIED,Versa 4
2026-05-09T21:07:30Z,00:00:50.000,12,SWIM_STROKE_TYPE_UNSPECIFIED,Versa 4
2026-05-09T21:09:03Z,00:00:27.000,6,SWIM_STROKE_TYPE_UNSPECIFIED,Versa 4
2026-05-09T21:09:59Z,00:00:29.000,7,SWIM_STROKE_TYPE_UNSPECIFIED,Versa 4
2026-05-09T21:11:38Z,00:00:22.000,5,SWIM_STROKE_TYPE_UNSPECIFIED,Versa 4
2026-05-09T21:16:10Z,00:00:23.000,5,SWIM_STROKE_TYPE_UNSPECIFIED,Versa 4
2026-05-09T21:19:28Z,00:00:28.000,6,SWIM_STROKE_TYPE_UNSPECIFIED,Versa 4
2026-05-09T21:23:25Z,00:00:28.000,5,SWIM_STROKE_TYPE_UNSPECIFIED,Versa 4
2026-05-09T21:24:27Z,00:00:28.000,6,SWIM_STROKE_TYPE_UNSPECIFIED,Versa 4
2026-05-09T21:25:25Z,00:00:24.000,5,SWIM_STROKE_TYPE_UNSPECIFIED,Versa 4
2026-05-09T21:26:04Z,00:00:24.000,8,SWIM_STROKE_TYPE_UNSPECIFIED,Versa 4
2026-05-09T21:33:25Z,00:00:18.000,5,SWIM_STROKE_TYPE_UNSPECIFIED,Versa 4
2026-05-09T21:39:59Z,00:00:37.000,8,SWIM_STROKE_TYPE_UNSPECIFIED,Versa 4
2026-05-09T21:41:52Z,00:00:20.000,6,SWIM_STROKE_TYPE_UNSPECIFIED,Versa 4
2026-05-09T21:43:45Z,00:00:22.000,6,SWIM_STROKE_TYPE_UNSPECIFIED,Versa 4
2026-05-09T21:49:28Z,00:00:33.000,7,SWIM_STROKE_TYPE_UNSPECIFIED,Versa 4
2026-05-09T21:50:19Z,00:00:27.000,6,SWIM_STROKE_TYPE_UNSPECIFIED,Versa 4
2026-05-09T21:51:11Z,00:00:30.000,7,SWIM_STROKE_TYPE_UNSPECIFIED,Versa 4
2026-05-09T21:53:30Z,00:00:46.000,10,SWIM_STROKE_TYPE_UNSPECIFIED,Versa 4
2026-05-09T21:54:37Z,00:00:16.000,5,SWIM_STROKE_TYPE_UNSPECIFIED,Versa 4
2026-05-09T21:56:31Z,00:00:14.000,5,SWIM_STROKE_TYPE_UNSPECIFIED,Versa 4
2026-05-09T22:00:35Z,00:00:23.000,8,SWIM_STROKE_TYPE_UNSPECIFIED,Versa 4
2026-05-09T22:09:55Z,00:00:10.000,5,SWIM_STROKE_TYPE_UNSPECIFIED,Versa 4
2026-05-09T22:15:42Z,00:00:24.000,7,SWIM_STROKE_TYPE_UNSPECIFIED,Versa 4
2026-05-09T22:19:43Z,00:00:23.000,8,SWIM_STROKE_TYPE_UNSPECIFIED,Versa 4
2026-05-09T22:20:38Z,00:00:22.000,6,SWIM_STROKE_TYPE_UNSPECIFIED,Versa 4
2026-05-09T22:29:42Z,00:00:31.000,5,SWIM_STROKE_TYPE_UNSPECIFIED,Versa 4
2026-05-09T22:30:26Z,00:00:19.000,6,SWIM_STROKE_TYPE_UNSPECIFIED,Versa 4
2026-05-09T22:32:35Z,00:00:23.000,9,SWIM_STROKE_TYPE_UNSPECIFIED,Versa 4
2026-05-09T23:09:40Z,00:00:21.000,9,SWIM_STROKE_TYPE_UNSPECIFIED,Versa 4
2026-05-09T23:12:28Z,00:00:30.000,10,SWIM_STROKE_TYPE_UNSPECIFIED,Versa 4
2026-05-09T23:18:34Z,00:00:23.000,7,SWIM_STROKE_TYPE_UNSPECIFIED,Versa 4
2026-05-09T23:20:15Z,00:00:31.000,7,SWIM_STROKE_TYPE_UNSPECIFIED,Versa 4
2026-05-09T23:21:01Z,00:00:27.000,6,SWIM_STROKE_TYPE_UNSPECIFIED,Versa 4
2026-05-09T23:25:29Z,00:00:16.000,6,SWIM_STROKE_TYPE_UNSPECIFIED,Versa 4
2026-05-09T23:38:29Z,00:00:13.000,5,SWIM_STROKE_TYPE_UNSPECIFIED,Versa 4
2026-05-09T23:48:51Z,00:00:21.000,5,SWIM_STROKE_TYPE_UNSPECIFIED,Versa 4
2026-05-09T23:51:08Z,00:00:41.000,7,SWIM_STROKE_TYPE_UNSPECIFIED,Versa 4
2026-05-09T23:52:42Z,00:00:35.000,8,SWIM_STROKE_TYPE_UNSPECIFIED,Versa 4
2026-05-10T00:01:53Z,00:00:23.000,6,SWIM_STROKE_TYPE_UNSPECIFIED,Versa 4
2026-05-10T00:02:30Z,00:00:17.000,5,SWIM_STROKE_TYPE_UNSPECIFIED,Versa 4
2026-05-10T00:11:04Z,00:00:19.000,5,SWIM_STROKE_TYPE_UNSPECIFIED,Versa 4
2026-05-10T00:13:04Z,00:00:12.000,6,SWIM_STROKE_TYPE_UNSPECIFIED,Versa 4
2026-05-10T00:15:31Z,00:00:11.000,5,SWIM_STROKE_TYPE_UNSPECIFIED,Versa 4
2026-05-10T00:20:39Z,00:00:18.000,6,SWIM_STROKE_TYPE_UNSPECIFIED,Versa 4
2026-05-10T00:25:54Z,00:00:44.000,8,SWIM_STROKE_TYPE_UNSPECIFIED,Versa 4
2026-05-10T00:29:13Z,00:00:30.000,7,SWIM_STROKE_TYPE_UNSPECIFIED,Versa 4
2026-05-10T00:29:54Z,00:00:35.000,6,SWIM_STROKE_TYPE_UNSPECIFIED,Versa 4
2026-05-10T00:31:41Z,00:00:29.000,5,SWIM_STROKE_TYPE_UNSPECIFIED,Versa 4
2026-05-10T00:32:30Z,00:00:40.000,9,SWIM_STROKE_TYPE_UNSPECIFIED,Versa 4
2026-05-10T00:35:58Z,00:00:18.000,6,SWIM_STROKE_TYPE_UNSPECIFIED,Versa 4
2026-05-10T00:39:00Z,00:00:22.000,5,SWIM_STROKE_TYPE_UNSPECIFIED,Versa 4
2026-05-10T09:24:41Z,00:00:12.000,6,SWIM_STROKE_TYPE_UNSPECIFIED,Versa 4
2026-05-10T12:04:39Z,00:00:17.000,7,SWIM_STROKE_TYPE_UNSPECIFIED,Versa 4
2026-05-10T12:36:08Z,00:00:15.000,5,SWIM_STROKE_TYPE_UNSPECIFIED,Versa 4
2026-05-10T12:36:43Z,00:00:21.000,5,SWIM_STROKE_TYPE_UNSPECIFIED,Versa 4
2026-05-10T12:40:22Z,00:00:54.000,6,SWIM_STROKE_TYPE_UNSPECIFIED,Versa 4
2026-05-10T12:41:19Z,00:00:54.000,6,SWIM_STROKE_TYPE_UNSPECIFIED,Versa 4
2026-05-10T13:22:57Z,00:00:09.000,5,SWIM_STROKE_TYPE_UNSPECIFIED,Versa 4
2026-05-10T13:36:11Z,00:00:18.000,6,SWIM_STROKE_TYPE_UNSPECIFIED,Versa 4
2026-05-10T13:51:30Z,00:00:26.000,10,SWIM_STROKE_TYPE_UNSPECIFIED,Versa 4
2026-05-10T14:07:57Z,00:00:17.000,6,SWIM_STROKE_TYPE_UNSPECIFIED,Versa 4
2026-05-10T14:09:41Z,00:00:13.000,5,SWIM_STROKE_TYPE_UNSPECIFIED,Versa 4
2026-05-10T14:10:00Z,00:00:48.000,14,SWIM_STROKE_TYPE_UNSPECIFIED,Versa 4
2026-05-10T14:33:32Z,00:00:25.000,7,SWIM_STROKE_TYPE_UNSPECIFIED,Versa 4
2026-05-10T14:34:09Z,00:00:15.000,5,SWIM_STROKE_TYPE_UNSPECIFIED,Versa 4
2026-05-10T15:15:12Z,00:00:12.000,5,SWIM_STROKE_TYPE_UNSPECIFIED,Versa 4
2026-05-10T15:32:51Z,00:00:13.000,5,SWIM_STROKE_TYPE_UNSPECIFIED,Versa 4
2026-05-10T15:41:02Z,00:00:09.000,5,SWIM_STROKE_TYPE_UNSPECIFIED,Versa 4
2026-05-10T15:51:10Z,00:00:08.000,5,SWIM_STROKE_TYPE_UNSPECIFIED,Versa 4
2026-05-10T16:36:40Z,00:00:17.000,6,SWIM_STROKE_TYPE_UNSPECIFIED,Versa 4
2026-05-10T16:40:00Z,00:00:23.000,7,SWIM_STROKE_TYPE_UNSPECIFIED,Versa 4
2026-05-10T16:42:18Z,00:00:46.000,14,SWIM_STROKE_TYPE_UNSPECIFIED,Versa 4
2026-05-10T17:36:19Z,00:00:17.000,6,SWIM_STROKE_TYPE_UNSPECIFIED,Versa 4
2026-05-10T17:49:15Z,00:00:16.000,5,SWIM_STROKE_TYPE_UNSPECIFIED,Versa 4
2026-05-10T18:00:26Z,00:00:25.000,5,SWIM_STROKE_TYPE_UNSPECIFIED,Versa 4
2026-05-10T18:01:17Z,00:00:49.000,7,SWIM_STROKE_TYPE_UNSPECIFIED,Versa 4
2026-05-10T18:11:25Z,00:00:31.000,6,SWIM_STROKE_TYPE_UNSPECIFIED,Versa 4
2026-05-10T18:20:35Z,00:00:47.000,12,SWIM_STROKE_TYPE_UNSPECIFIED,Versa 4
2026-05-10T18:21:29Z,00:00:09.000,5,SWIM_STROKE_TYPE_UNSPECIFIED,Versa 4
2026-05-10T18:31:47Z,00:00:23.000,7,SWIM_STROKE_TYPE_UNSPECIFIED,Versa 4
2026-05-10T18:34:07Z,00:00:11.000,5,SWIM_STROKE_TYPE_UNSPECIFIED,Versa 4
2026-05-10T18:35:10Z,00:00:32.000,11,SWIM_STROKE_TYPE_UNSPECIFIED,Versa 4
2026-05-12T09:57:09Z,00:00:22.000,9,SWIM_STROKE_TYPE_UNSPECIFIED,Versa 4
2026-05-12T10:09:23Z,00:00:27.000,6,SWIM_STROKE_TYPE_UNSPECIFIED,Versa 4
2026-05-12T10:09:58Z,00:00:36.000,6,SWIM_STROKE_TYPE_UNSPECIFIED,Versa 4
2026-05-12T10:12:51Z,00:00:18.000,5,SWIM_STROKE_TYPE_UNSPECIFIED,Versa 4
2026-05-12T10:32:08Z,00:00:20.000,5,SWIM_STROKE_TYPE_UNSPECIFIED,Versa 4
2026-05-12T10:33:54Z,00:00:27.000,6,SWIM_STROKE_TYPE_UNSPECIFIED,Versa 4
2026-05-12T10:34:52Z,00:00:32.000,8,SWIM_STROKE_TYPE_UNSPECIFIED,Versa 4
2026-05-12T10:35:36Z,00:00:15.000,7,SWIM_STROKE_TYPE_UNSPECIFIED,Versa 4
2026-05-12T10:36:51Z,00:00:23.000,7,SWIM_STROKE_TYPE_UNSPECIFIED,Versa 4
2026-05-12T12:15:56Z,00:00:14.000,6,SWIM_STROKE_TYPE_UNSPECIFIED,Versa 4
2026-05-12T12:19:35Z,00:00:45.000,27,SWIM_STROKE_TYPE_UNSPECIFIED,Versa 4
2026-05-12T13:04:52Z,00:00:17.000,8,SWIM_STROKE_TYPE_UNSPECIFIED,Versa 4
2026-05-12T13:12:20Z,00:00:13.000,5,SWIM_STROKE_TYPE_UNSPECIFIED,Versa 4
2026-05-12T14:05:52Z,00:00:15.000,5,SWIM_STROKE_TYPE_UNSPECIFIED,Versa 4
2026-05-12T14:09:25Z,00:00:09.000,5,SWIM_STROKE_TYPE_UNSPECIFIED,Versa 4
2026-05-12T14:09:40Z,00:00:09.000,5,SWIM_STROKE_TYPE_UNSPECIFIED,Versa 4
2026-05-12T14:11:44Z,00:00:13.000,5,SWIM_STROKE_TYPE_UNSPECIFIED,Versa 4
2026-05-12T14:14:29Z,00:00:16.000,5,SWIM_STROKE_TYPE_UNSPECIFIED,Versa 4
2026-05-12T14:19:59Z,00:00:15.000,5,SWIM_STROKE_TYPE_UNSPECIFIED,Versa 4
2026-05-12T14:20:38Z,00:00:21.000,5,SWIM_STROKE_TYPE_UNSPECIFIED,Versa 4
2026-05-12T14:23:00Z,00:00:42.000,8,SWIM_STROKE_TYPE_UNSPECIFIED,Versa 4
2026-05-12T14:24:25Z,00:00:29.000,5,SWIM_STROKE_TYPE_UNSPECIFIED,Versa 4
2026-05-12T14:25:22Z,00:00:29.000,6,SWIM_STROKE_TYPE_UNSPECIFIED,Versa 4
2026-05-12T14:26:45Z,00:00:27.000,5,SWIM_STROKE_TYPE_UNSPECIFIED,Versa 4
2026-05-12T14:27:19Z,00:00:45.000,13,SWIM_STROKE_TYPE_UNSPECIFIED,Versa 4
2026-05-12T14:30:16Z,00:00:14.000,5,SWIM_STROKE_TYPE_UNSPECIFIED,Versa 4
2026-05-12T14:30:50Z,00:00:12.000,5,SWIM_STROKE_TYPE_UNSPECIFIED,Versa 4
2026-05-12T14:31:36Z,00:00:25.000,8,SWIM_STROKE_TYPE_UNSPECIFIED,Versa 4
2026-05-12T14:34:15Z,00:00:25.000,6,SWIM_STROKE_TYPE_UNSPECIFIED,Versa 4
2026-05-12T14:34:47Z,00:00:29.000,10,SWIM_STROKE_TYPE_UNSPECIFIED,Versa 4
2026-05-12T14:36:26Z,00:00:13.000,5,SWIM_STROKE_TYPE_UNSPECIFIED,Versa 4
2026-05-12T14:38:44Z,00:00:22.000,8,SWIM_STROKE_TYPE_UNSPECIFIED,Versa 4
2026-05-12T14:41:37Z,00:00:13.000,5,SWIM_STROKE_TYPE_UNSPECIFIED,Versa 4
2026-05-12T14:42:20Z,00:00:16.000,5,SWIM_STROKE_TYPE_UNSPECIFIED,Versa 4
2026-05-12T14:53:51Z,00:00:21.000,7,SWIM_STROKE_TYPE_UNSPECIFIED,Versa 4
2026-05-12T14:54:20Z,00:00:18.000,7,SWIM_STROKE_TYPE_UNSPECIFIED,Versa 4
2026-05-12T15:05:27Z,00:00:52.000,14,SWIM_STROKE_TYPE_UNSPECIFIED,Versa 4
2026-05-12T15:11:42Z,00:00:25.000,5,SWIM_STROKE_TYPE_UNSPECIFIED,Versa 4
2026-05-12T15:12:46Z,00:00:34.000,6,SWIM_STROKE_TYPE_UNSPECIFIED,Versa 4
2026-05-12T15:16:16Z,00:00:50.000,12,SWIM_STROKE_TYPE_UNSPECIFIED,Versa 4
2026-05-12T15:20:43Z,00:00:15.000,6,SWIM_STROKE_TYPE_UNSPECIFIED,Versa 4
2026-05-12T15:21:09Z,00:00:15.000,5,SWIM_STROKE_TYPE_UNSPECIFIED,Versa 4
2026-05-12T15:23:57Z,00:00:33.000,6,SWIM_STROKE_TYPE_UNSPECIFIED,Versa 4
2026-05-12T15:25:52Z,00:00:44.000,9,SWIM_STROKE_TYPE_UNSPECIFIED,Versa 4
2026-05-12T15:29:43Z,00:00:24.000,8,SWIM_STROKE_TYPE_UNSPECIFIED,Versa 4
2026-05-12T15:31:19Z,00:00:23.000,7,SWIM_STROKE_TYPE_UNSPECIFIED,Versa 4
2026-05-12T15:47:02Z,00:00:15.000,5,SWIM_STROKE_TYPE_UNSPECIFIED,Versa 4
2026-05-12T16:02:58Z,00:00:12.000,5,SWIM_STROKE_TYPE_UNSPECIFIED,Versa 4
2026-05-12T16:44:41Z,00:00:14.000,6,SWIM_STROKE_TYPE_UNSPECIFIED,Versa 4
2026-05-12T16:49:21Z,00:00:30.000,8,SWIM_STROKE_TYPE_UNSPECIFIED,Versa 4
2026-05-12T16:55:48Z,00:00:23.000,5,SWIM_STROKE_TYPE_UNSPECIFIED,Versa 4
2026-05-12T16:56:38Z,00:00:34.000,5,SWIM_STROKE_TYPE_UNSPECIFIED,Versa 4
2026-05-12T16:57:28Z,00:00:49.000,10,SWIM_STROKE_TYPE_UNSPECIFIED,Versa 4
2026-05-12T16:59:03Z,00:00:29.000,5,SWIM_STROKE_TYPE_UNSPECIFIED,Versa 4
2026-05-12T16:59:52Z,00:00:34.000,8,SWIM_STROKE_TYPE_UNSPECIFIED,Versa 4
2026-05-12T17:03:53Z,00:00:21.000,6,SWIM_STROKE_TYPE_UNSPECIFIED,Versa 4
2026-05-12T17:06:19Z,00:00:24.000,7,SWIM_STROKE_TYPE_UNSPECIFIED,Versa 4
2026-05-12T17:08:08Z,00:00:19.000,8,SWIM_STROKE_TYPE_UNSPECIFIED,Versa 4
2026-05-12T17:09:05Z,00:00:15.000,6,SWIM_STROKE_TYPE_UNSPECIFIED,Versa 4
2026-05-12T17:15:43Z,00:00:20.000,7,SWIM_STROKE_TYPE_UNSPECIFIED,Versa 4
2026-05-12T17:17:42Z,00:00:24.000,8,SWIM_STROKE_TYPE_UNSPECIFIED,Versa 4
2026-05-12T17:21:43Z,00:00:11.000,5,SWIM_STROKE_TYPE_UNSPECIFIED,Versa 4
2026-05-12T17:29:20Z,00:00:09.000,5,SWIM_STROKE_TYPE_UNSPECIFIED,Versa 4
2026-05-12T17:31:44Z,00:00:19.000,7,SWIM_STROKE_TYPE_UNSPECIFIED,Versa 4
2026-05-12T17:33:23Z,00:00:38.000,9,SWIM_STROKE_TYPE_UNSPECIFIED,Versa 4
2026-05-12T17:34:20Z,00:00:17.000,5,SWIM_STROKE_TYPE_UNSPECIFIED,Versa 4
2026-05-12T17:34:59Z,00:00:25.000,6,SWIM_STROKE_TYPE_UNSPECIFIED,Versa 4
2026-05-12T17:35:38Z,00:00:23.000,6,SWIM_STROKE_TYPE_UNSPECIFIED,Versa 4
2026-05-12T17:36:11Z,00:00:29.000,7,SWIM_STROKE_TYPE_UNSPECIFIED,Versa 4
2026-05-12T17:37:22Z,00:00:28.000,8,SWIM_STROKE_TYPE_UNSPECIFIED,Versa 4
2026-05-12T17:37:56Z,00:00:27.000,9,SWIM_STROKE_TYPE_UNSPECIFIED,Versa 4
2026-05-12T17:39:42Z,00:00:38.000,11,SWIM_STROKE_TYPE_UNSPECIFIED,Versa 4
2026-05-12T17:40:36Z,00:00:24.000,9,SWIM_STROKE_TYPE_UNSPECIFIED,Versa 4
2026-05-12T17:41:24Z,00:00:22.000,9,SWIM_STROKE_TYPE_UNSPECIFIED,Versa 4
2026-05-12T17:41:57Z,00:00:33.000,11,SWIM_STROKE_TYPE_UNSPECIFIED,Versa 4
2026-05-12T17:43:15Z,00:00:25.000,8,SWIM_STROKE_TYPE_UNSPECIFIED,Versa 4
2026-05-12T17:44:35Z,00:00:18.000,7,SWIM_STROKE_TYPE_UNSPECIFIED,Versa 4
2026-05-12T17:47:54Z,00:00:20.000,6,SWIM_STROKE_TYPE_UNSPECIFIED,Versa 4
2026-05-12T17:49:25Z,00:00:26.000,9,SWIM_STROKE_TYPE_UNSPECIFIED,Versa 4
2026-05-12T17:50:15Z,00:00:34.000,14,SWIM_STROKE_TYPE_UNSPECIFIED,Versa 4
2026-05-12T17:51:00Z,00:00:07.000,5,SWIM_STROKE_TYPE_UNSPECIFIED,Versa 4
2026-05-12T17:51:47Z,00:00:30.000,11,SWIM_STROKE_TYPE_UNSPECIFIED,Versa 4
2026-05-12T17:54:39Z,00:00:31.000,12,SWIM_STROKE_TYPE_UNSPECIFIED,Versa 4
2026-05-12T18:16:41Z,00:00:15.000,8,SWIM_STROKE_TYPE_UNSPECIFIED,Versa 4
2026-05-12T18:17:23Z,00:00:19.000,8,SWIM_STROKE_TYPE_UNSPECIFIED,Versa 4
2026-05-12T18:26:09Z,00:00:20.000,5,SWIM_STROKE_TYPE_UNSPECIFIED,Versa 4
2026-05-12T18:26:34Z,00:00:13.000,5,SWIM_STROKE_TYPE_UNSPECIFIED,Versa 4
2026-05-12T18:27:15Z,00:00:19.000,5,SWIM_STROKE_TYPE_UNSPECIFIED,Versa 4
2026-05-12T18:28:00Z,00:00:27.000,6,SWIM_STROKE_TYPE_UNSPECIFIED,Versa 4
2026-05-12T18:31:52Z,00:00:31.000,9,SWIM_STROKE_TYPE_UNSPECIFIED,Versa 4
2026-05-12T18:32:40Z,00:00:13.000,5,SWIM_STROKE_TYPE_UNSPECIFIED,Versa 4
2026-05-12T18:36:03Z,00:00:13.000,5,SWIM_STROKE_TYPE_UNSPECIFIED,Versa 4
2026-05-12T18:39:23Z,00:00:40.000,12,SWIM_STROKE_TYPE_UNSPECIFIED,Versa 4
2026-05-12T18:40:18Z,00:00:21.000,5,SWIM_STROKE_TYPE_UNSPECIFIED,Versa 4
2026-05-12T18:40:58Z,00:00:44.000,11,SWIM_STROKE_TYPE_UNSPECIFIED,Versa 4
2026-05-12T18:42:25Z,00:00:17.000,6,SWIM_STROKE_TYPE_UNSPECIFIED,Versa 4
2026-05-12T18:47:03Z,00:00:21.000,6,SWIM_STROKE_TYPE_UNSPECIFIED,Versa 4
2026-05-12T18:48:17Z,00:00:23.000,5,SWIM_STROKE_TYPE_UNSPECIFIED,Versa 4
2026-05-12T18:49:15Z,00:00:32.000,10,SWIM_STROKE_TYPE_UNSPECIFIED,Versa 4
2026-05-12T18:50:13Z,00:00:17.000,8,SWIM_STROKE_TYPE_UNSPECIFIED,Versa 4
2026-05-12T18:53:01Z,00:00:09.000,6,SWIM_STROKE_TYPE_UNSPECIFIED,Versa 4
2026-05-12T18:56:42Z,00:00:11.000,5,SWIM_STROKE_TYPE_UNSPECIFIED,Versa 4
2026-05-12T18:57:09Z,00:00:13.000,5,SWIM_STROKE_TYPE_UNSPECIFIED,Versa 4
2026-05-12T18:57:56Z,00:00:19.000,8,SWIM_STROKE_TYPE_UNSPECIFIED,Versa 4
2026-05-12T18:58:41Z,00:00:15.000,5,SWIM_STROKE_TYPE_UNSPECIFIED,Versa 4
2026-05-12T18:59:05Z,00:00:49.000,11,SWIM_STROKE_TYPE_UNSPECIFIED,Versa 4
2026-05-12T19:03:55Z,00:00:17.000,7,SWIM_STROKE_TYPE_UNSPECIFIED,Versa 4
2026-05-12T19:05:00Z,00:00:15.000,6,SWIM_STROKE_TYPE_UNSPECIFIED,Versa 4
2026-05-12T19:06:49Z,00:00:34.000,9,SWIM_STROKE_TYPE_UNSPECIFIED,Versa 4
2026-05-12T19:14:25Z,00:00:19.000,6,SWIM_STROKE_TYPE_UNSPECIFIED,Versa 4
2026-05-12T19:16:23Z,00:00:21.000,6,SWIM_STROKE_TYPE_UNSPECIFIED,Versa 4
2026-05-12T19:22:56Z,00:00:10.000,5,SWIM_STROKE_TYPE_UNSPECIFIED,Versa 4
2026-05-12T19:23:33Z,00:00:27.000,9,SWIM_STROKE_TYPE_UNSPECIFIED,Versa 4
2026-05-12T19:30:23Z,00:00:18.000,7,SWIM_STROKE_TYPE_UNSPECIFIED,Versa 4
2026-05-12T19:31:18Z,00:00:21.000,8,SWIM_STROKE_TYPE_UNSPECIFIED,Versa 4
2026-05-12T19:38:39Z,00:00:35.000,11,SWIM_STROKE_TYPE_UNSPECIFIED,Versa 4
2026-05-12T19:40:54Z,00:00:23.000,7,SWIM_STROKE_TYPE_UNSPECIFIED,Versa 4
2026-05-12T20:09:24Z,00:00:33.000,14,SWIM_STROKE_TYPE_UNSPECIFIED,Versa 4
2026-05-12T21:26:44Z,00:00:14.000,6,SWIM_STROKE_TYPE_UNSPECIFIED,Versa 4
2026-05-12T21:28:19Z,00:00:14.000,6,SWIM_STROKE_TYPE_UNSPECIFIED,Versa 4
2026-05-13T06:02:59Z,00:00:16.000,6,SWIM_STROKE_TYPE_UNSPECIFIED,Versa 4
2026-05-13T06:05:48Z,00:00:11.000,5,SWIM_STROKE_TYPE_UNSPECIFIED,Versa 4
2026-05-13T23:59:49Z,00:00:19.000,6,SWIM_STROKE_TYPE_UNSPECIFIED,Versa 4
2026-05-14T14:03:57Z,00:00:08.000,5,SWIM_STROKE_TYPE_UNSPECIFIED,Versa 4
2026-05-14T14:06:38Z,00:00:22.000,6,SWIM_STROKE_TYPE_UNSPECIFIED,Versa 4
2026-05-14T14:07:26Z,00:00:31.000,6,SWIM_STROKE_TYPE_UNSPECIFIED,Versa 4
2026-05-14T14:08:18Z,00:00:42.000,6,SWIM_STROKE_TYPE_UNSPECIFIED,Versa 4
2026-05-14T14:09:20Z,00:00:45.000,6,SWIM_STROKE_TYPE_UNSPECIFIED,Versa 4
2026-05-14T14:11:19Z,00:00:29.000,5,SWIM_STROKE_TYPE_UNSPECIFIED,Versa 4
2026-05-14T14:12:16Z,00:00:28.000,5,SWIM_STROKE_TYPE_UNSPECIFIED,Versa 4
2026-05-14T14:13:28Z,00:00:45.000,7,SWIM_STROKE_TYPE_UNSPECIFIED,Versa 4
2026-05-14T14:14:53Z,00:00:55.000,12,SWIM_STROKE_TYPE_UNSPECIFIED,Versa 4
2026-05-14T14:15:58Z,00:00:26.000,5,SWIM_STROKE_TYPE_UNSPECIFIED,Versa 4
2026-05-14T14:16:35Z,00:00:40.000,6,SWIM_STROKE_TYPE_UNSPECIFIED,Versa 4
2026-05-14T14:18:00Z,00:00:41.000,7,SWIM_STROKE_TYPE_UNSPECIFIED,Versa 4
2026-05-14T14:22:18Z,00:00:36.000,7,SWIM_STROKE_TYPE_UNSPECIFIED,Versa 4
2026-05-14T14:31:12Z,00:00:27.000,5,SWIM_STROKE_TYPE_UNSPECIFIED,Versa 4
2026-05-14T14:31:57Z,00:00:38.000,6,SWIM_STROKE_TYPE_UNSPECIFIED,Versa 4
2026-05-14T14:50:08Z,00:00:13.000,5,SWIM_STROKE_TYPE_UNSPECIFIED,Versa 4
2026-05-14T14:54:48Z,00:00:18.000,6,SWIM_STROKE_TYPE_UNSPECIFIED,Versa 4
2026-05-14T14:57:24Z,00:00:12.000,5,SWIM_STROKE_TYPE_UNSPECIFIED,Versa 4
2026-05-14T14:59:44Z,00:00:11.000,5,SWIM_STROKE_TYPE_UNSPECIFIED,Versa 4
2026-05-14T15:02:12Z,00:00:13.000,5,SWIM_STROKE_TYPE_UNSPECIFIED,Versa 4
2026-05-14T15:11:24Z,00:00:17.000,7,SWIM_STROKE_TYPE_UNSPECIFIED,Versa 4
2026-05-14T15:25:08Z,00:00:15.000,5,SWIM_STROKE_TYPE_UNSPECIFIED,Versa 4
2026-05-14T15:26:53Z,00:00:23.000,6,SWIM_STROKE_TYPE_UNSPECIFIED,Versa 4
2026-05-14T15:37:23Z,00:00:39.000,5,SWIM_STROKE_TYPE_UNSPECIFIED,Versa 4
2026-05-14T15:38:19Z,00:00:42.000,7,SWIM_STROKE_TYPE_UNSPECIFIED,Versa 4
2026-05-14T15:41:25Z,00:00:43.000,10,SWIM_STROKE_TYPE_UNSPECIFIED,Versa 4
2026-05-14T15:45:51Z,00:00:20.000,6,SWIM_STROKE_TYPE_UNSPECIFIED,Versa 4
2026-05-14T15:56:54Z,00:00:44.000,7,SWIM_STROKE_TYPE_UNSPECIFIED,Versa 4
2026-05-14T16:00:55Z,00:00:22.000,6,SWIM_STROKE_TYPE_UNSPECIFIED,Versa 4
2026-05-14T16:07:17Z,00:00:27.000,5,SWIM_STROKE_TYPE_UNSPECIFIED,Versa 4
2026-05-14T16:08:05Z,00:00:46.000,13,SWIM_STROKE_TYPE_UNSPECIFIED,Versa 4
2026-05-14T16:30:21Z,00:00:49.000,17,SWIM_STROKE_TYPE_UNSPECIFIED,Versa 4
2026-05-14T16:36:02Z,00:00:13.000,5,SWIM_STROKE_TYPE_UNSPECIFIED,Versa 4
2026-05-14T16:43:44Z,00:00:15.000,6,SWIM_STROKE_TYPE_UNSPECIFIED,Versa 4
2026-05-14T16:45:10Z,00:00:15.000,5,SWIM_STROKE_TYPE_UNSPECIFIED,Versa 4
2026-05-14T16:57:30Z,00:00:20.000,6,SWIM_STROKE_TYPE_UNSPECIFIED,Versa 4
2026-05-14T16:58:25Z,00:00:25.000,7,SWIM_STROKE_TYPE_UNSPECIFIED,Versa 4
2026-05-14T16:59:10Z,00:00:16.000,5,SWIM_STROKE_TYPE_UNSPECIFIED,Versa 4
2026-05-14T17:00:00Z,00:00:18.000,5,SWIM_STROKE_TYPE_UNSPECIFIED,Versa 4
2026-05-14T17:03:57Z,00:00:14.000,5,SWIM_STROKE_TYPE_UNSPECIFIED,Versa 4
2026-05-14T17:08:31Z,00:00:35.000,9,SWIM_STROKE_TYPE_UNSPECIFIED,Versa 4
2026-05-14T17:15:06Z,00:00:22.000,7,SWIM_STROKE_TYPE_UNSPECIFIED,Versa 4
2026-05-14T17:22:00Z,00:00:36.000,12,SWIM_STROKE_TYPE_UNSPECIFIED,Versa 4
2026-05-14T17:23:22Z,00:00:16.000,5,SWIM_STROKE_TYPE_UNSPECIFIED,Versa 4
2026-05-14T17:29:01Z,00:00:27.000,5,SWIM_STROKE_TYPE_UNSPECIFIED,Versa 4
2026-05-14T17:29:45Z,00:00:54.000,8,SWIM_STROKE_TYPE_UNSPECIFIED,Versa 4
2026-05-14T17:31:25Z,00:00:36.000,7,SWIM_STROKE_TYPE_UNSPECIFIED,Versa 4
2026-05-14T17:32:15Z,00:00:32.000,8,SWIM_STROKE_TYPE_UNSPECIFIED,Versa 4
2026-05-14T17:33:24Z,00:00:20.000,6,SWIM_STROKE_TYPE_UNSPECIFIED,Versa 4
2026-05-14T17:37:29Z,00:00:15.000,6,SWIM_STROKE_TYPE_UNSPECIFIED,Versa 4
2026-05-14T17:46:16Z,00:00:17.000,8,SWIM_STROKE_TYPE_UNSPECIFIED,Versa 4
2026-05-14T18:09:39Z,00:00:14.000,5,SWIM_STROKE_TYPE_UNSPECIFIED,Versa 4
2026-05-14T18:18:44Z,00:00:19.000,5,SWIM_STROKE_TYPE_UNSPECIFIED,Versa 4
2026-05-14T18:20:31Z,00:00:18.000,6,SWIM_STROKE_TYPE_UNSPECIFIED,Versa 4
2026-05-14T18:21:57Z,00:00:24.000,8,SWIM_STROKE_TYPE_UNSPECIFIED,Versa 4
2026-05-14T18:26:22Z,00:00:19.000,6,SWIM_STROKE_TYPE_UNSPECIFIED,Versa 4
2026-05-14T18:31:54Z,00:00:19.000,5,SWIM_STROKE_TYPE_UNSPECIFIED,Versa 4
2026-05-14T18:32:18Z,00:00:10.000,5,SWIM_STROKE_TYPE_UNSPECIFIED,Versa 4
2026-05-14T18:32:57Z,00:00:26.000,8,SWIM_STROKE_TYPE_UNSPECIFIED,Versa 4
2026-05-14T19:01:27Z,00:00:23.000,7,SWIM_STROKE_TYPE_UNSPECIFIED,Versa 4
2026-05-14T19:02:06Z,00:00:16.000,5,SWIM_STROKE_TYPE_UNSPECIFIED,Versa 4
2026-05-14T19:17:48Z,00:00:14.000,6,SWIM_STROKE_TYPE_UNSPECIFIED,Versa 4
2026-05-14T19:18:09Z,00:00:19.000,7,SWIM_STROKE_TYPE_UNSPECIFIED,Versa 4
2026-05-14T19:18:35Z,00:00:16.000,5,SWIM_STROKE_TYPE_UNSPECIFIED,Versa 4
2026-05-14T21:12:15Z,00:00:08.000,5,SWIM_STROKE_TYPE_UNSPECIFIED,Versa 4
2026-05-16T14:14:23Z,00:00:19.000,17,SWIM_STROKE_TYPE_UNSPECIFIED,Versa 4
2026-05-16T14:14:49Z,00:00:08.000,7,SWIM_STROKE_TYPE_UNSPECIFIED,Versa 4
2026-05-16T14:22:52Z,00:00:11.000,5,SWIM_STROKE_TYPE_UNSPECIFIED,Versa 4
2026-05-16T14:36:31Z,00:00:15.000,5,SWIM_STROKE_TYPE_UNSPECIFIED,Versa 4
2026-05-16T14:37:02Z,00:00:21.000,6,SWIM_STROKE_TYPE_UNSPECIFIED,Versa 4
2026-05-16T14:49:57Z,00:00:15.000,5,SWIM_STROKE_TYPE_UNSPECIFIED,Versa 4
2026-05-16T14:50:30Z,00:00:25.000,7,SWIM_STROKE_TYPE_UNSPECIFIED,Versa 4
2026-05-16T15:00:03Z,00:00:14.000,6,SWIM_STROKE_TYPE_UNSPECIFIED,Versa 4
2026-05-16T15:00:56Z,00:00:08.000,5,SWIM_STROKE_TYPE_UNSPECIFIED,Versa 4
2026-05-16T15:03:44Z,00:00:18.000,6,SWIM_STROKE_TYPE_UNSPECIFIED,Versa 4
2026-05-16T15:14:11Z,00:00:20.000,5,SWIM_STROKE_TYPE_UNSPECIFIED,Versa 4
2026-05-16T15:15:48Z,00:00:27.000,9,SWIM_STROKE_TYPE_UNSPECIFIED,Versa 4
2026-05-16T15:23:23Z,00:00:18.000,7,SWIM_STROKE_TYPE_UNSPECIFIED,Versa 4
2026-05-16T15:26:26Z,00:00:16.000,8,SWIM_STROKE_TYPE_UNSPECIFIED,Versa 4
2026-05-16T16:23:30Z,00:00:16.000,6,SWIM_STROKE_TYPE_UNSPECIFIED,Versa 4
2026-05-16T16:26:15Z,00:00:14.000,6,SWIM_STROKE_TYPE_UNSPECIFIED,Versa 4
2026-05-16T16:41:20Z,00:00:15.000,7,SWIM_STROKE_TYPE_UNSPECIFIED,Versa 4
2026-05-16T17:13:07Z,00:00:12.000,5,SWIM_STROKE_TYPE_UNSPECIFIED,Versa 4
2026-05-16T17:30:31Z,00:00:13.000,5,SWIM_STROKE_TYPE_UNSPECIFIED,Versa 4
2026-05-16T17:33:45Z,00:00:20.000,7,SWIM_STROKE_TYPE_UNSPECIFIED,Versa 4
2026-05-16T18:46:29Z,00:00:11.000,5,SWIM_STROKE_TYPE_UNSPECIFIED,Versa 4
2026-05-16T18:57:57Z,00:00:10.000,5,SWIM_STROKE_TYPE_UNSPECIFIED,Versa 4
2026-05-16T19:00:28Z,00:00:14.000,5,SWIM_STROKE_TYPE_UNSPECIFIED,Versa 4
2026-05-16T19:02:32Z,00:00:21.000,7,SWIM_STROKE_TYPE_UNSPECIFIED,Versa 4
2026-05-16T19:14:32Z,00:00:20.000,7,SWIM_STROKE_TYPE_UNSPECIFIED,Versa 4
2026-05-16T19:27:22Z,00:00:13.000,5,SWIM_STROKE_TYPE_UNSPECIFIED,Versa 4
2026-05-16T19:34:43Z,00:00:19.000,9,SWIM_STROKE_TYPE_UNSPECIFIED,Versa 4
2026-05-16T20:03:12Z,00:00:23.000,7,SWIM_STROKE_TYPE_UNSPECIFIED,Versa 4
2026-05-16T20:05:33Z,00:00:21.000,8,SWIM_STROKE_TYPE_UNSPECIFIED,Versa 4
2026-05-16T20:41:37Z,00:00:18.000,7,SWIM_STROKE_TYPE_UNSPECIFIED,Versa 4
2026-05-16T20:42:24Z,00:00:20.000,7,SWIM_STROKE_TYPE_UNSPECIFIED,Versa 4
2026-05-16T20:49:53Z,00:00:25.000,7,SWIM_STROKE_TYPE_UNSPECIFIED,Versa 4
2026-05-16T20:55:24Z,00:00:20.000,9,SWIM_STROKE_TYPE_UNSPECIFIED,Versa 4
2026-05-16T20:59:59Z,00:00:20.000,7,SWIM_STROKE_TYPE_UNSPECIFIED,Versa 4
2026-05-16T21:08:14Z,00:00:20.000,7,SWIM_STROKE_TYPE_UNSPECIFIED,Versa 4
2026-05-16T21:12:15Z,00:00:18.000,5,SWIM_STROKE_TYPE_UNSPECIFIED,Versa 4
2026-05-16T21:16:33Z,00:00:22.000,5,SWIM_STROKE_TYPE_UNSPECIFIED,Versa 4
2026-05-16T21:17:41Z,00:00:31.000,8,SWIM_STROKE_TYPE_UNSPECIFIED,Versa 4
2026-05-16T21:23:30Z,00:00:17.000,6,SWIM_STROKE_TYPE_UNSPECIFIED,Versa 4
2026-05-16T21:31:31Z,00:00:35.000,11,SWIM_STROKE_TYPE_UNSPECIFIED,Versa 4
2026-05-16T21:38:59Z,00:00:17.000,5,SWIM_STROKE_TYPE_UNSPECIFIED,Versa 4
2026-05-16T21:40:11Z,00:00:34.000,9,SWIM_STROKE_TYPE_UNSPECIFIED,Versa 4
2026-05-16T21:45:15Z,00:00:15.000,5,SWIM_STROKE_TYPE_UNSPECIFIED,Versa 4
2026-05-16T21:51:36Z,00:00:12.000,5,SWIM_STROKE_TYPE_UNSPECIFIED,Versa 4
2026-05-16T21:52:28Z,00:00:15.000,7,SWIM_STROKE_TYPE_UNSPECIFIED,Versa 4
2026-05-16T21:53:13Z,00:00:17.000,5,SWIM_STROKE_TYPE_UNSPECIFIED,Versa 4
2026-05-16T22:05:54Z,00:00:24.000,7,SWIM_STROKE_TYPE_UNSPECIFIED,Versa 4
2026-05-16T22:07:27Z,00:00:13.000,5,SWIM_STROKE_TYPE_UNSPECIFIED,Versa 4
2026-05-16T22:18:12Z,00:00:22.000,6,SWIM_STROKE_TYPE_UNSPECIFIED,Versa 4
2026-05-16T22:18:57Z,00:00:16.000,6,SWIM_STROKE_TYPE_UNSPECIFIED,Versa 4
2026-05-16T22:20:18Z,00:00:14.000,5,SWIM_STROKE_TYPE_UNSPECIFIED,Versa 4
2026-05-16T22:21:52Z,00:00:22.000,6,SWIM_STROKE_TYPE_UNSPECIFIED,Versa 4
2026-05-16T22:22:26Z,00:00:15.000,5,SWIM_STROKE_TYPE_UNSPECIFIED,Versa 4
2026-05-16T22:27:40Z,00:00:08.000,5,SWIM_STROKE_TYPE_UNSPECIFIED,Versa 4
2026-05-16T22:48:03Z,00:00:19.000,8,SWIM_STROKE_TYPE_UNSPECIFIED,Versa 4
2026-05-16T22:48:28Z,00:00:15.000,6,SWIM_STROKE_TYPE_UNSPECIFIED,Versa 4
2026-05-16T22:50:16Z,00:00:11.000,6,SWIM_STROKE_TYPE_UNSPECIFIED,Versa 4
2026-05-16T23:07:42Z,00:00:11.000,5,SWIM_STROKE_TYPE_UNSPECIFIED,Versa 4
2026-05-16T23:15:33Z,00:00:10.000,5,SWIM_STROKE_TYPE_UNSPECIFIED,Versa 4
2026-05-16T23:15:56Z,00:00:13.000,5,SWIM_STROKE_TYPE_UNSPECIFIED,Versa 4
2026-05-16T23:19:14Z,00:00:20.000,8,SWIM_STROKE_TYPE_UNSPECIFIED,Versa 4
2026-05-16T23:19:53Z,00:00:20.000,7,SWIM_STROKE_TYPE_UNSPECIFIED,Versa 4
2026-05-16T23:33:34Z,00:00:16.000,5,SWIM_STROKE_TYPE_UNSPECIFIED,Versa 4
2026-05-16T23:34:15Z,00:00:15.000,5,SWIM_STROKE_TYPE_UNSPECIFIED,Versa 4
2026-05-16T23:36:18Z,00:00:20.000,5,SWIM_STROKE_TYPE_UNSPECIFIED,Versa 4
2026-05-16T23:37:15Z,00:00:30.000,6,SWIM_STROKE_TYPE_UNSPECIFIED,Versa 4
2026-05-16T23:37:59Z,00:00:43.000,11,SWIM_STROKE_TYPE_UNSPECIFIED,Versa 4
2026-05-16T23:40:41Z,00:00:24.000,7,SWIM_STROKE_TYPE_UNSPECIFIED,Versa 4
2026-05-16T23:41:17Z,00:00:13.000,6,SWIM_STROKE_TYPE_UNSPECIFIED,Versa 4
2026-05-16T23:46:13Z,00:00:15.000,6,SWIM_STROKE_TYPE_UNSPECIFIED,Versa 4
2026-05-16T23:49:40Z,00:00:17.000,5,SWIM_STROKE_TYPE_UNSPECIFIED,Versa 4
2026-05-16T23:50:27Z,00:00:32.000,11,SWIM_STROKE_TYPE_UNSPECIFIED,Versa 4
2026-05-17T00:04:36Z,00:00:16.000,6,SWIM_STROKE_TYPE_UNSPECIFIED,Versa 4
2026-05-17T03:23:49Z,00:00:24.000,9,SWIM_STROKE_TYPE_UNSPECIFIED,Versa 4
2026-05-17T13:10:12Z,00:00:12.000,6,SWIM_STROKE_TYPE_UNSPECIFIED,Versa 4
2026-05-17T13:14:19Z,00:00:16.000,7,SWIM_STROKE_TYPE_UNSPECIFIED,Versa 4
2026-05-17T13:50:08Z,00:00:21.000,9,SWIM_STROKE_TYPE_UNSPECIFIED,Versa 4
2026-05-17T14:43:26Z,00:00:19.000,8,SWIM_STROKE_TYPE_UNSPECIFIED,Versa 4
2026-05-17T14:44:00Z,00:00:48.000,19,SWIM_STROKE_TYPE_UNSPECIFIED,Versa 4
2026-05-17T14:49:18Z,00:00:16.000,5,SWIM_STROKE_TYPE_UNSPECIFIED,Versa 4
2026-05-17T14:57:05Z,00:00:37.000,14,SWIM_STROKE_TYPE_UNSPECIFIED,Versa 4
2026-05-17T14:57:50Z,00:00:16.000,5,SWIM_STROKE_TYPE_UNSPECIFIED,Versa 4
2026-05-17T14:58:25Z,00:00:19.000,6,SWIM_STROKE_TYPE_UNSPECIFIED,Versa 4
2026-05-17T14:59:55Z,00:00:13.000,5,SWIM_STROKE_TYPE_UNSPECIFIED,Versa 4
2026-05-17T15:29:47Z,00:00:15.000,5,SWIM_STROKE_TYPE_UNSPECIFIED,Versa 4
2026-05-17T15:31:16Z,00:00:16.000,6,SWIM_STROKE_TYPE_UNSPECIFIED,Versa 4
2026-05-17T16:03:58Z,00:00:15.000,6,SWIM_STROKE_TYPE_UNSPECIFIED,Versa 4
2026-05-17T16:04:45Z,00:00:12.000,5,SWIM_STROKE_TYPE_UNSPECIFIED,Versa 4
2026-05-17T16:12:52Z,00:00:26.000,9,SWIM_STROKE_TYPE_UNSPECIFIED,Versa 4
2026-05-17T16:14:17Z,00:00:12.000,5,SWIM_STROKE_TYPE_UNSPECIFIED,Versa 4
2026-05-17T16:49:12Z,00:00:13.000,5,SWIM_STROKE_TYPE_UNSPECIFIED,Versa 4
2026-05-17T16:55:57Z,00:00:12.000,5,SWIM_STROKE_TYPE_UNSPECIFIED,Versa 4
2026-05-17T16:56:37Z,00:00:20.000,6,SWIM_STROKE_TYPE_UNSPECIFIED,Versa 4
2026-05-17T16:58:34Z,00:00:18.000,5,SWIM_STROKE_TYPE_UNSPECIFIED,Versa 4
2026-05-17T16:59:39Z,00:00:39.000,8,SWIM_STROKE_TYPE_UNSPECIFIED,Versa 4
2026-05-17T17:01:14Z,00:00:14.000,5,SWIM_STROKE_TYPE_UNSPECIFIED,Versa 4
2026-05-17T17:09:20Z,00:00:32.000,8,SWIM_STROKE_TYPE_UNSPECIFIED,Versa 4
2026-05-17T17:10:01Z,00:00:19.000,6,SWIM_STROKE_TYPE_UNSPECIFIED,Versa 4
2026-05-17T17:10:33Z,00:00:25.000,6,SWIM_STROKE_TYPE_UNSPECIFIED,Versa 4
2026-05-17T17:11:10Z,00:00:34.000,5,SWIM_STROKE_TYPE_UNSPECIFIED,Versa 4
2026-05-17T17:12:10Z,00:00:42.000,9,SWIM_STROKE_TYPE_UNSPECIFIED,Versa 4
2026-05-17T17:17:07Z,00:00:34.000,6,SWIM_STROKE_TYPE_UNSPECIFIED,Versa 4
2026-05-17T17:24:53Z,00:00:20.000,5,SWIM_STROKE_TYPE_UNSPECIFIED,Versa 4
2026-05-17T17:25:37Z,00:00:43.000,7,SWIM_STROKE_TYPE_UNSPECIFIED,Versa 4
2026-05-17T17:28:02Z,00:00:39.000,8,SWIM_STROKE_TYPE_UNSPECIFIED,Versa 4
2026-05-17T17:29:00Z,00:00:27.000,9,SWIM_STROKE_TYPE_UNSPECIFIED,Versa 4
2026-05-17T17:30:19Z,00:00:16.000,6,SWIM_STROKE_TYPE_UNSPECIFIED,Versa 4
2026-05-17T17:30:42Z,00:00:12.000,5,SWIM_STROKE_TYPE_UNSPECIFIED,Versa 4
2026-05-17T17:32:02Z,00:00:15.000,6,SWIM_STROKE_TYPE_UNSPECIFIED,Versa 4
2026-05-17T17:47:38Z,00:00:22.000,10,SWIM_STROKE_TYPE_UNSPECIFIED,Versa 4
2026-05-17T18:28:04Z,00:00:19.000,6,SWIM_STROKE_TYPE_UNSPECIFIED,Versa 4
2026-05-17T18:30:18Z,00:00:17.000,7,SWIM_STROKE_TYPE_UNSPECIFIED,Versa 4
2026-05-17T20:12:48Z,00:00:10.000,5,SWIM_STROKE_TYPE_UNSPECIFIED,Versa 4
2026-05-17T20:21:27Z,00:00:14.000,7,SWIM_STROKE_TYPE_UNSPECIFIED,Versa 4
2026-05-18T10:00:17Z,00:00:12.000,5,SWIM_STROKE_TYPE_UNSPECIFIED,Versa 4
2026-05-18T10:01:25Z,00:00:26.000,10,SWIM_STROKE_TYPE_UNSPECIFIED,Versa 4
2026-05-18T10:25:39Z,00:00:22.000,8,SWIM_STROKE_TYPE_UNSPECIFIED,Versa 4
2026-05-18T13:19:24Z,00:00:08.000,8,SWIM_STROKE_TYPE_UNSPECIFIED,Versa 4
2026-05-18T14:13:32Z,00:00:11.000,5,SWIM_STROKE_TYPE_UNSPECIFIED,Versa 4
2026-05-18T14:14:24Z,00:00:18.000,7,SWIM_STROKE_TYPE_UNSPECIFIED,Versa 4
2026-05-18T14:27:57Z,00:00:13.000,5,SWIM_STROKE_TYPE_UNSPECIFIED,Versa 4
2026-05-18T20:35:14Z,00:00:09.000,5,SWIM_STROKE_TYPE_UNSPECIFIED,Versa 4
2026-05-18T21:06:20Z,00:00:12.000,6,SWIM_STROKE_TYPE_UNSPECIFIED,Versa 4
2026-05-19T14:06:26Z,00:00:08.000,5,SWIM_STROKE_TYPE_UNSPECIFIED,Versa 4
2026-05-19T14:07:03Z,00:00:16.000,5,SWIM_STROKE_TYPE_UNSPECIFIED,Versa 4
2026-05-19T14:07:41Z,00:00:30.000,7,SWIM_STROKE_TYPE_UNSPECIFIED,Versa 4
2026-05-19T14:12:38Z,00:00:17.000,5,SWIM_STROKE_TYPE_UNSPECIFIED,Versa 4
2026-05-19T14:13:35Z,00:00:30.000,7,SWIM_STROKE_TYPE_UNSPECIFIED,Versa 4
2026-05-19T14:15:11Z,00:00:35.000,8,SWIM_STROKE_TYPE_UNSPECIFIED,Versa 4
2026-05-19T14:16:51Z,00:00:34.000,8,SWIM_STROKE_TYPE_UNSPECIFIED,Versa 4
2026-05-19T14:17:32Z,00:00:27.000,6,SWIM_STROKE_TYPE_UNSPECIFIED,Versa 4
2026-05-19T14:18:54Z,00:00:35.000,5,SWIM_STROKE_TYPE_UNSPECIFIED,Versa 4
2026-05-19T14:19:38Z,00:00:55.000,8,SWIM_STROKE_TYPE_UNSPECIFIED,Versa 4
2026-05-19T14:20:45Z,00:00:26.000,8,SWIM_STROKE_TYPE_UNSPECIFIED,Versa 4
2026-05-19T14:22:13Z,00:00:34.000,10,SWIM_STROKE_TYPE_UNSPECIFIED,Versa 4
2026-05-19T14:22:53Z,00:00:26.000,5,SWIM_STROKE_TYPE_UNSPECIFIED,Versa 4
2026-05-19T14:23:36Z,00:00:19.000,5,SWIM_STROKE_TYPE_UNSPECIFIED,Versa 4
2026-05-19T14:24:03Z,00:00:59.000,17,SWIM_STROKE_TYPE_UNSPECIFIED,Versa 4
2026-05-19T14:25:04Z,00:00:11.000,5,SWIM_STROKE_TYPE_UNSPECIFIED,Versa 4
2026-05-19T14:25:50Z,00:00:31.000,11,SWIM_STROKE_TYPE_UNSPECIFIED,Versa 4
2026-05-19T14:26:28Z,00:00:11.000,5,SWIM_STROKE_TYPE_UNSPECIFIED,Versa 4
2026-05-19T14:26:46Z,00:00:33.000,16,SWIM_STROKE_TYPE_UNSPECIFIED,Versa 4
2026-05-19T14:27:52Z,00:00:49.000,20,SWIM_STROKE_TYPE_UNSPECIFIED,Versa 4
2026-05-19T14:31:16Z,00:00:15.000,6,SWIM_STROKE_TYPE_UNSPECIFIED,Versa 4
2026-05-19T14:32:09Z,00:00:32.000,8,SWIM_STROKE_TYPE_UNSPECIFIED,Versa 4
2026-05-19T14:33:06Z,00:00:20.000,7,SWIM_STROKE_TYPE_UNSPECIFIED,Versa 4
2026-05-19T14:34:45Z,00:00:14.000,7,SWIM_STROKE_TYPE_UNSPECIFIED,Versa 4
2026-05-19T14:38:13Z,00:00:22.000,8,SWIM_STROKE_TYPE_UNSPECIFIED,Versa 4
2026-05-19T14:41:50Z,00:00:51.000,15,SWIM_STROKE_TYPE_UNSPECIFIED,Versa 4
2026-05-19T14:42:47Z,00:00:11.000,5,SWIM_STROKE_TYPE_UNSPECIFIED,Versa 4
2026-05-19T14:46:17Z,00:00:14.000,9,SWIM_STROKE_TYPE_UNSPECIFIED,Versa 4
2026-05-19T14:48:07Z,00:00:14.000,5,SWIM_STROKE_TYPE_UNSPECIFIED,Versa 4
2026-05-19T15:09:09Z,00:00:12.000,6,SWIM_STROKE_TYPE_UNSPECIFIED,Versa 4
2026-05-19T15:19:38Z,00:00:19.000,7,SWIM_STROKE_TYPE_UNSPECIFIED,Versa 4
2026-05-19T15:20:17Z,00:00:20.000,8,SWIM_STROKE_TYPE_UNSPECIFIED,Versa 4
2026-05-19T15:35:27Z,00:00:18.000,5,SWIM_STROKE_TYPE_UNSPECIFIED,Versa 4
2026-05-19T15:36:05Z,00:00:26.000,6,SWIM_STROKE_TYPE_UNSPECIFIED,Versa 4
2026-05-19T15:38:58Z,00:00:22.000,6,SWIM_STROKE_TYPE_UNSPECIFIED,Versa 4
2026-05-19T15:41:16Z,00:00:27.000,7,SWIM_STROKE_TYPE_UNSPECIFIED,Versa 4
2026-05-19T15:43:08Z,00:00:26.000,8,SWIM_STROKE_TYPE_UNSPECIFIED,Versa 4
2026-05-19T15:45:10Z,00:00:23.000,6,SWIM_STROKE_TYPE_UNSPECIFIED,Versa 4
2026-05-19T15:45:56Z,00:00:28.000,6,SWIM_STROKE_TYPE_UNSPECIFIED,Versa 4
2026-05-19T15:49:02Z,00:00:33.000,6,SWIM_STROKE_TYPE_UNSPECIFIED,Versa 4
2026-05-19T15:52:30Z,00:00:33.000,7,SWIM_STROKE_TYPE_UNSPECIFIED,Versa 4
2026-05-19T15:53:32Z,00:00:27.000,7,SWIM_STROKE_TYPE_UNSPECIFIED,Versa 4
2026-05-19T15:54:26Z,00:00:28.000,7,SWIM_STROKE_TYPE_UNSPECIFIED,Versa 4
2026-05-19T16:08:28Z,00:00:19.000,5,SWIM_STROKE_TYPE_UNSPECIFIED,Versa 4
2026-05-19T16:20:51Z,00:00:31.000,7,SWIM_STROKE_TYPE_UNSPECIFIED,Versa 4
2026-05-19T16:31:35Z,00:00:26.000,7,SWIM_STROKE_TYPE_UNSPECIFIED,Versa 4
2026-05-19T16:32:58Z,00:00:18.000,9,SWIM_STROKE_TYPE_UNSPECIFIED,Versa 4
2026-05-19T16:41:48Z,00:00:22.000,12,SWIM_STROKE_TYPE_UNSPECIFIED,Versa 4
2026-05-19T16:43:13Z,00:00:10.000,9,SWIM_STROKE_TYPE_UNSPECIFIED,Versa 4
2026-05-19T16:44:16Z,00:00:16.000,6,SWIM_STROKE_TYPE_UNSPECIFIED,Versa 4
2026-05-19T16:45:26Z,00:00:11.000,8,SWIM_STROKE_TYPE_UNSPECIFIED,Versa 4
2026-05-19T16:50:18Z,00:00:22.000,7,SWIM_STROKE_TYPE_UNSPECIFIED,Versa 4
2026-05-19T16:51:15Z,00:00:22.000,5,SWIM_STROKE_TYPE_UNSPECIFIED,Versa 4
2026-05-19T16:52:34Z,00:00:31.000,6,SWIM_STROKE_TYPE_UNSPECIFIED,Versa 4
2026-05-19T16:53:08Z,00:00:31.000,8,SWIM_STROKE_TYPE_UNSPECIFIED,Versa 4
2026-05-19T16:57:40Z,00:00:25.000,7,SWIM_STROKE_TYPE_UNSPECIFIED,Versa 4
2026-05-19T17:15:09Z,00:00:18.000,5,SWIM_STROKE_TYPE_UNSPECIFIED,Versa 4
2026-05-19T17:18:21Z,00:00:34.000,7,SWIM_STROKE_TYPE_UNSPECIFIED,Versa 4
2026-05-19T17:20:15Z,00:00:31.000,7,SWIM_STROKE_TYPE_UNSPECIFIED,Versa 4
2026-05-19T17:25:07Z,00:00:26.000,6,SWIM_STROKE_TYPE_UNSPECIFIED,Versa 4
2026-05-19T17:26:03Z,00:00:30.000,7,SWIM_STROKE_TYPE_UNSPECIFIED,Versa 4
2026-05-19T17:33:45Z,00:00:17.000,5,SWIM_STROKE_TYPE_UNSPECIFIED,Versa 4
2026-05-19T17:35:15Z,00:00:13.000,5,SWIM_STROKE_TYPE_UNSPECIFIED,Versa 4
2026-05-19T17:35:39Z,00:00:12.000,5,SWIM_STROKE_TYPE_UNSPECIFIED,Versa 4
2026-05-19T17:38:48Z,00:00:14.000,5,SWIM_STROKE_TYPE_UNSPECIFIED,Versa 4
2026-05-19T17:44:22Z,00:00:30.000,7,SWIM_STROKE_TYPE_UNSPECIFIED,Versa 4
2026-05-19T17:46:17Z,00:00:15.000,5,SWIM_STROKE_TYPE_UNSPECIFIED,Versa 4
2026-05-19T17:51:16Z,00:00:17.000,6,SWIM_STROKE_TYPE_UNSPECIFIED,Versa 4
2026-05-19T17:53:49Z,00:00:18.000,6,SWIM_STROKE_TYPE_UNSPECIFIED,Versa 4
2026-05-19T17:58:31Z,00:00:17.000,8,SWIM_STROKE_TYPE_UNSPECIFIED,Versa 4
2026-05-19T18:11:01Z,00:00:08.000,6,SWIM_STROKE_TYPE_UNSPECIFIED,Versa 4
2026-05-19T18:25:08Z,00:00:12.000,5,SWIM_STROKE_TYPE_UNSPECIFIED,Versa 4
2026-05-19T18:26:31Z,00:00:22.000,7,SWIM_STROKE_TYPE_UNSPECIFIED,Versa 4
2026-05-19T18:27:02Z,00:00:25.000,7,SWIM_STROKE_TYPE_UNSPECIFIED,Versa 4
2026-05-19T18:28:02Z,00:00:12.000,6,SWIM_STROKE_TYPE_UNSPECIFIED,Versa 4
2026-05-19T18:34:32Z,00:00:18.000,6,SWIM_STROKE_TYPE_UNSPECIFIED,Versa 4
2026-05-19T18:40:33Z,00:00:27.000,11,SWIM_STROKE_TYPE_UNSPECIFIED,Versa 4
2026-05-19T18:48:54Z,00:00:16.000,5,SWIM_STROKE_TYPE_UNSPECIFIED,Versa 4
2026-05-19T18:50:55Z,00:00:25.000,8,SWIM_STROKE_TYPE_UNSPECIFIED,Versa 4
2026-05-19T18:51:28Z,00:00:18.000,9,SWIM_STROKE_TYPE_UNSPECIFIED,Versa 4
2026-05-19T18:57:16Z,00:00:20.000,6,SWIM_STROKE_TYPE_UNSPECIFIED,Versa 4
2026-05-19T18:57:53Z,00:00:18.000,5,SWIM_STROKE_TYPE_UNSPECIFIED,Versa 4
2026-05-19T18:59:15Z,00:00:28.000,6,SWIM_STROKE_TYPE_UNSPECIFIED,Versa 4
2026-05-19T19:01:06Z,00:00:28.000,7,SWIM_STROKE_TYPE_UNSPECIFIED,Versa 4
2026-05-19T19:01:51Z,00:00:28.000,5,SWIM_STROKE_TYPE_UNSPECIFIED,Versa 4
2026-05-19T19:04:03Z,00:00:43.000,9,SWIM_STROKE_TYPE_UNSPECIFIED,Versa 4
2026-05-19T19:06:36Z,00:00:14.000,5,SWIM_STROKE_TYPE_UNSPECIFIED,Versa 4
2026-05-19T19:21:14Z,00:00:28.000,7,SWIM_STROKE_TYPE_UNSPECIFIED,Versa 4
2026-05-19T19:22:04Z,00:00:27.000,7,SWIM_STROKE_TYPE_UNSPECIFIED,Versa 4
2026-05-19T19:24:34Z,00:00:40.000,7,SWIM_STROKE_TYPE_UNSPECIFIED,Versa 4
2026-05-19T19:25:50Z,00:00:23.000,5,SWIM_STROKE_TYPE_UNSPECIFIED,Versa 4
2026-05-19T19:36:37Z,00:00:12.000,5,SWIM_STROKE_TYPE_UNSPECIFIED,Versa 4
2026-05-19T19:39:44Z,00:00:13.000,5,SWIM_STROKE_TYPE_UNSPECIFIED,Versa 4
2026-05-19T19:44:55Z,00:00:17.000,5,SWIM_STROKE_TYPE_UNSPECIFIED,Versa 4
2026-05-19T19:45:31Z,00:00:21.000,6,SWIM_STROKE_TYPE_UNSPECIFIED,Versa 4
2026-05-19T19:46:29Z,00:00:23.000,5,SWIM_STROKE_TYPE_UNSPECIFIED,Versa 4
2026-05-19T19:48:37Z,00:00:20.000,6,SWIM_STROKE_TYPE_UNSPECIFIED,Versa 4
2026-05-19T20:16:14Z,00:00:23.000,7,SWIM_STROKE_TYPE_UNSPECIFIED,Versa 4
2026-05-19T20:17:24Z,00:00:22.000,5,SWIM_STROKE_TYPE_UNSPECIFIED,Versa 4
2026-05-20T10:39:36Z,00:00:10.000,5,SWIM_STROKE_TYPE_UNSPECIFIED,Versa 4
2026-05-20T10:53:07Z,00:00:09.000,5,SWIM_STROKE_TYPE_UNSPECIFIED,Versa 4
2026-05-21T01:58:54Z,00:00:13.000,5,SWIM_STROKE_TYPE_UNSPECIFIED,Versa 4
2026-05-21T05:58:09Z,00:00:16.000,8,SWIM_STROKE_TYPE_UNSPECIFIED,Versa 4
2026-05-21T05:59:21Z,00:00:22.000,7,SWIM_STROKE_TYPE_UNSPECIFIED,Versa 4
2026-05-21T06:43:35Z,00:00:17.000,7,SWIM_STROKE_TYPE_UNSPECIFIED,Versa 4
2026-05-21T06:44:30Z,00:00:15.000,6,SWIM_STROKE_TYPE_UNSPECIFIED,Versa 4
2026-05-21T06:44:59Z,00:00:15.000,8,SWIM_STROKE_TYPE_UNSPECIFIED,Versa 4
2026-05-21T06:45:49Z,00:00:17.000,14,SWIM_STROKE_TYPE_UNSPECIFIED,Versa 4
2026-05-21T06:46:23Z,00:00:08.000,5,SWIM_STROKE_TYPE_UNSPECIFIED,Versa 4
